Data Source,World Development Indicators,,,,,,,,,,,,,,,,,,,,,,,,,,,,,,,,,,,,,,,,,,,,,,,,,,,,,,,,,,,,,,,,
,,,,,,,,,,,,,,,,,,,,,,,,,,,,,,,,,,,,,,,,,,,,,,,,,,,,,,,,,,,,,,,,,
Last Updated Date,2021-11-23,,,,,,,,,,,,,,,,,,,,,,,,,,,,,,,,,,,,,,,,,,,,,,,,,,,,,,,,,,,,,,,,
,,,,,,,,,,,,,,,,,,,,,,,,,,,,,,,,,,,,,,,,,,,,,,,,,,,,,,,,,,,,,,,,,
Country Name,Country Code,Indicator Name,Indicator Code,1960,1961,1962,1963,1964,1965,1966,1967,1968,1969,1970,1971,1972,1973,1974,1975,1976,1977,1978,1979,1980,1981,1982,1983,1984,1985,1986,1987,1988,1989,1990,1991,1992,1993,1994,1995,1996,1997,1998,1999,2000,2001,2002,2003,2004,2005,2006,2007,2008,2009,2010,2011,2012,2013,2014,2015,2016,2017,2018,2019,2020,
Aruba,ABW,"New business density (new registrations per 1,000 people ages 15-64)",IC.BUS.NDNS.ZS,,,,,,,,,,,,,,,,,,,,,,,,,,,,,,,,,,,,,,,,,,,,,,,,,,,,,,,,,,,,,,
Africa Eastern and Southern,AFE,"New business density (new registrations per 1,000 people ages 15-64)",IC.BUS.NDNS.ZS,,,,,,,,,,,,,,,,,,,,,,,,,,,,,,,,,,,,,,,,,,,,,,,,,,,,,,,,,2.11881712367141,,,,,
Afghanistan,AFG,"New business density (new registrations per 1,000 people ages 15-64)",IC.BUS.NDNS.ZS,,,,,,,,,,,,,,,,,,,,,,,,,,,,,,,,,,,,,,,,,,,,,,,,,0.04636056109983,0.260193876846741,0.329456696209081,0.248972448489462,0.22592795445262,0.193162027892573,0.142361845362823,0.124470105095823,0.130028498975016,0.154862270457168,0.211648480694207,,,
Africa Western and Central,AFW,"New business density (new registrations per 1,000 people ages 15-64)",IC.BUS.NDNS.ZS,,,,,,,,,,,,,,,,,,,,,,,,,,,,,,,,,,,,,,,,,,,,,,,,,,,,0.724377272069373,0.726591091891094,0.599812654243845,0.579294595544231,0.585326598914909,0.593545747908798,0.579804139498048,0.628302689393271,,,
Angola,AGO,"New business density (new registrations per 1,000 people ages 15-64)",IC.BUS.NDNS.ZS,,,,,,,,,,,,,,,,,,,,,,,,,,,,,,,,,,,,,,,,,,,,,,,,,,,,,,,,,,,,,,
Albania,ALB,"New business density (new registrations per 1,000 people ages 15-64)",IC.BUS.NDNS.ZS,,,,,,,,,,,,,,,,,,,,,,,,,,,,,,,,,,,,,,,,,,,,,,,0.722668272822828,1.1107379158759,1.53703329556818,1.04812347458313,1.07143022079775,0.942691590976876,0.956089825805098,1.06796803168541,1.11963437050462,1.32176018439969,1.35663841307234,1.51337243259029,1.52098682031855,,,
Andorra,AND,"New business density (new registrations per 1,000 people ages 15-64)",IC.BUS.NDNS.ZS,,,,,,,,,,,,,,,,,,,,,,,,,,,,,,,,,,,,,,,,,,,,,,,,,,,,,,,,,,,,,,
Arab World,ARB,"New business density (new registrations per 1,000 people ages 15-64)",IC.BUS.NDNS.ZS,,,,,,,,,,,,,,,,,,,,,,,,,,,,,,,,,,,,,,,,,,,,,,,,,,,,,,,,,,,,,,
United Arab Emirates,ARE,"New business density (new registrations per 1,000 people ages 15-64)",IC.BUS.NDNS.ZS,,,,,,,,,,,,,,,,,,,,,,,,,,,,,,,,,,,,,,,,,,,,,,,2.38172033070166,2.30844540828398,1.57795836081486,1.23444974524266,1.39659116639797,1.92112188413446,2.10423024513152,2.3817618978942,2.77975471028505,2.56254215167584,2.59998689718697,2.76226925398638,3.043840490246,,,
Argentina,ARG,"New business density (new registrations per 1,000 people ages 15-64)",IC.BUS.NDNS.ZS,,,,,,,,,,,,,,,,,,,,,,,,,,,,,,,,,,,,,,,,,,,,,,,0.240650412285551,0.240466755102293,0.237290146526665,0.189666827019583,0.207609303895616,0.221108182983183,0.184657612822972,0.200203136189905,0.172029509998524,0.179440387753378,0.21074882010205,0.219978653319665,0.198629933646666,,,
Armenia,ARM,"New business density (new registrations per 1,000 people ages 15-64)",IC.BUS.NDNS.ZS,,,,,,,,,,,,,,,,,,,,,,,,,,,,,,,,,,,,,,,,,,,,,,,1.24508558579415,1.65320568642457,1.67653334616804,1.28844894264626,1.26284016601326,1.31683170292277,1.58728500125142,1.57858838456796,1.56980192647599,1.72931322055749,1.73854898027416,2.20420689480679,3.05241985221851,,,
American Samoa,ASM,"New business density (new registrations per 1,000 people ages 15-64)",IC.BUS.NDNS.ZS,,,,,,,,,,,,,,,,,,,,,,,,,,,,,,,,,,,,,,,,,,,,,,,,,,,,,,,,,,,,,,
Antigua and Barbuda,ATG,"New business density (new registrations per 1,000 people ages 15-64)",IC.BUS.NDNS.ZS,,,,,,,,,,,,,,,,,,,,,,,,,,,,,,,,,,,,,,,,,,,,,,,4.50474898236092,4.32217951216056,3.1894609117698,2.17214227531903,3.22661122661123,2.73201694832071,1.93143408981169,2.75726555319621,3.04673218442885,3.20928223168549,3.34642360527482,3.89228812019143,3.30568577954081,,,
Australia,AUS,"New business density (new registrations per 1,000 people ages 15-64)",IC.BUS.NDNS.ZS,,,,,,,,,,,,,,,,,,,,,,,,,,,,,,,,,,,,,,,,,,,,,,,9.6718229867098,11.2978014632296,9.95344748837334,10.0318118893232,10.7856802106758,11.179736416956,12.1313550700466,14.6358771636799,14.8443924654595,15.3578444226982,15.4686598176875,15.5656016987152,14.4721678804391,,,
Austria,AUT,"New business density (new registrations per 1,000 people ages 15-64)",IC.BUS.NDNS.ZS,,,,,,,,,,,,,,,,,,,,,,,,,,,,,,,,,,,,,,,,,,,,,,,0.671026883561216,0.645120726809896,0.650940318209056,0.580828370538696,0.615871010104643,0.567863085081903,0.53853662797527,0.607578037228442,0.737770560149903,0.626679963120635,0.606848943701419,0.625906577786458,0.649040665363275,,,
Azerbaijan,AZE,"New business density (new registrations per 1,000 people ages 15-64)",IC.BUS.NDNS.ZS,,,,,,,,,,,,,,,,,,,,,,,,,,,,,,,,,,,,,,,,,,,,,,,,,1.00464704363871,0.739618535849439,0.548762958732747,0.635722776740832,0.699257790588419,1.06258432003641,0.997105272800557,0.756028960786804,1.04159828126905,1.58673376923312,1.65802549455169,,,
Burundi,BDI,"New business density (new registrations per 1,000 people ages 15-64)",IC.BUS.NDNS.ZS,,,,,,,,,,,,,,,,,,,,,,,,,,,,,,,,,,,,,,,,,,,,,,,,,,,,,,,,,,,,,,
Belgium,BEL,"New business density (new registrations per 1,000 people ages 15-64)",IC.BUS.NDNS.ZS,,,,,,,,,,,,,,,,,,,,,,,,,,,,,,,,,,,,,,,,,,,,,,,2.8201344008696,3.13133297763684,3.1345474463405,2.73993577778556,3.16080892711221,3.3167065603418,2.99659482861169,2.56355893219511,3.23314599382996,2.9306393917159,3.72169511411418,3.29798342624046,3.36752992628334,,,
Benin,BEN,"New business density (new registrations per 1,000 people ages 15-64)",IC.BUS.NDNS.ZS,,,,,,,,,,,,,,,,,,,,,,,,,,,,,,,,,,,,,,,,,,,,,,,,,,,,0.261165107384713,0.310705816501824,0.31203025625274,0.458909027777526,0.629772120679753,0.638240504039346,0.583682210845272,0.535740085400914,,,
Burkina Faso,BFA,"New business density (new registrations per 1,000 people ages 15-64)",IC.BUS.NDNS.ZS,,,,,,,,,,,,,,,,,,,,,,,,,,,,,,,,,,,,,,,,,,,,,,,,,,,,,,,,,,0.292270663709895,0.32851893451,,,
Bangladesh,BGD,"New business density (new registrations per 1,000 people ages 15-64)",IC.BUS.NDNS.ZS,,,,,,,,,,,,,,,,,,,,,,,,,,,,,,,,,,,,,,,,,,,,,,,,,,,,,,,,0.0736932432922057,0.0775877333132944,0.0717132402127807,0.0412915212416768,,,
Bulgaria,BGR,"New business density (new registrations per 1,000 people ages 15-64)",IC.BUS.NDNS.ZS,,,,,,,,,,,,,,,,,,,,,,,,,,,,,,,,,,,,,,,,,,,,,,,,,7.98819284960646,6.95095273563272,6.57867825301323,7.98962044544653,9.04730129808664,8.99038066351234,8.99707153732379,9.86287637756511,10.9117889374115,10.8260566026666,10.1015528569729,,,
Bahrain,BHR,"New business density (new registrations per 1,000 people ages 15-64)",IC.BUS.NDNS.ZS,,,,,,,,,,,,,,,,,,,,,,,,,,,,,,,,,,,,,,,,,,,,,,,1.57292193630941,1.82409584232392,1.86994000609147,1.23714689994259,1.41534659377061,1.21846945296072,1.33788572308946,1.41091078081555,1.39819915058673,1.48680331594143,3.83961135508326,3.59409834767846,3.11021620192405,,,
"Bahamas, The",BHS,"New business density (new registrations per 1,000 people ages 15-64)",IC.BUS.NDNS.ZS,,,,,,,,,,,,,,,,,,,,,,,,,,,,,,,,,,,,,,,,,,,,,,,,,,,,,,,,,,,,,,
Bosnia and Herzegovina,BIH,"New business density (new registrations per 1,000 people ages 15-64)",IC.BUS.NDNS.ZS,,,,,,,,,,,,,,,,,,,,,,,,,,,,,,,,,,,,,,,,,,,,,,,,,,,,,,,,,1.18714141073237,1.04519872307904,1.09071865365154,,,
Belarus,BLR,"New business density (new registrations per 1,000 people ages 15-64)",IC.BUS.NDNS.ZS,,,,,,,,,,,,,,,,,,,,,,,,,,,,,,,,,,,,,,,,,,,,,,,0.280409937014127,0.567794516650797,0.766756705189465,0.846361283400091,0.947773517232104,0.901720496985862,1.14708931691235,1.35003065109109,1.06048800578849,0.925295202568298,0.979319550430309,1.20439637617799,1.34311761063391,,,
Belize,BLZ,"New business density (new registrations per 1,000 people ages 15-64)",IC.BUS.NDNS.ZS,,,,,,,,,,,,,,,,,,,,,,,,,,,,,,,,,,,,,,,,,,,,,,,,5.25614450695884,4.40431744076715,3.09814695738587,3.10582960102431,4.9646763279268,4.14310267021287,3.72260331269868,3.43515746347613,3.30391669067135,3.88287714831318,3.71443429165738,3.38643977921859,,,
Bermuda,BMU,"New business density (new registrations per 1,000 people ages 15-64)",IC.BUS.NDNS.ZS,,,,,,,,,,,,,,,,,,,,,,,,,,,,,,,,,,,,,,,,,,,,,,,,,,,,,,,,,,,,,,
Bolivia,BOL,"New business density (new registrations per 1,000 people ages 15-64)",IC.BUS.NDNS.ZS,,,,,,,,,,,,,,,,,,,,,,,,,,,,,,,,,,,,,,,,,,,,,,,,,,,,,,,,,,,0.512640812144037,,,
Brazil,BRA,"New business density (new registrations per 1,000 people ages 15-64)",IC.BUS.NDNS.ZS,,,,,,,,,,,,,,,,,,,,,,,,,,,,,,,,,,,,,,,,,,,,,,,,,,,2.81612549640579,2.7707227853786,2.15282511039962,1.8597478724644,1.61598860409908,1.39383205955747,1.2252378949258,1.25000035373527,1.29423985504426,,,
Barbados,BRB,"New business density (new registrations per 1,000 people ages 15-64)",IC.BUS.NDNS.ZS,,,,,,,,,,,,,,,,,,,,,,,,,,,,,,,,,,,,,,,,,,,,,,,,,,,,,,,,,,,,,,
Brunei Darussalam,BRN,"New business density (new registrations per 1,000 people ages 15-64)",IC.BUS.NDNS.ZS,,,,,,,,,,,,,,,,,,,,,,,,,,,,,,,,,,,,,,,,,,,,,,,,,,,,1.31566716480876,1.6871704745167,1.64313239841983,1.55660313091816,1.92244462487167,2.52087182361858,2.61339446536761,2.36353113491527,,,
Bhutan,BTN,"New business density (new registrations per 1,000 people ages 15-64)",IC.BUS.NDNS.ZS,,,,,,,,,,,,,,,,,,,,,,,,,,,,,,,,,,,,,,,,,,,,,,,0.0248758694116359,0.0267780634104542,0.0500945833442667,0.0303947814498311,0.0412301236445597,0.0515355348716317,0.179659085929626,0.0492776538694742,0.0608034016358212,0.0903882380250992,0.100674316572402,0.142317803561898,0.0913171034991937,,,
Botswana,BWA,"New business density (new registrations per 1,000 people ages 15-64)",IC.BUS.NDNS.ZS,,,,,,,,,,,,,,,,,,,,,,,,,,,,,,,,,,,,,,,,,,,,,,,5.95579877163897,5.57229100189215,7.02915329607186,9.12539995937978,9.54386926269044,9.94401465061233,12.8952051676329,11.9043393974956,14.5340034651224,18.1041843262341,20.0904231346737,,,,,
Central African Republic,CAF,"New business density (new registrations per 1,000 people ages 15-64)",IC.BUS.NDNS.ZS,,,,,,,,,,,,,,,,,,,,,,,,,,,,,,,,,,,,,,,,,,,,,,,,,0.0141754746569092,0.0327320670824076,0.0383380415894521,0.0413294655841791,0.0581841878651058,0.0271763395023624,0.0267024306964252,0.0415446204213652,0.0662661154338848,0.0633820145869771,0.0863195297733484,,,
Canada,CAN,"New business density (new registrations per 1,000 people ages 15-64)",IC.BUS.NDNS.ZS,,,,,,,,,,,,,,,,,,,,,,,,,,,,,,,,,,,,,,,,,,,,,,,,,,,,,,,,,,0.15894564213592,0.163967237530806,,,
Central Europe and the Baltics,CEB,"New business density (new registrations per 1,000 people ages 15-64)",IC.BUS.NDNS.ZS,,,,,,,,,,,,,,,,,,,,,,,,,,,,,,,,,,,,,,,,,,,,,,,2.92092726631795,3.30828111193819,3.79501540602556,3.00971172277758,3.12183371831261,3.69863446835359,3.59719297565494,3.6907834302197,3.46646089564586,3.70552621144083,4.12684541518496,4.56772214651902,4.5065650916795,,,
Switzerland,CHE,"New business density (new registrations per 1,000 people ages 15-64)",IC.BUS.NDNS.ZS,,,,,,,,,,,,,,,,,,,,,,,,,,,,,,,,,,,,,,,,,,,,,,,3.82441212749743,4.15959659049587,4.17060145281164,3.94476495001465,4.15765784460963,4.42067077005611,4.3541289344483,4.49746278455122,4.54416343554335,4.35530555403856,4.30598448882157,4.57505313465646,4.52903239255406,,,
Channel Islands,CHI,"New business density (new registrations per 1,000 people ages 15-64)",IC.BUS.NDNS.ZS,,,,,,,,,,,,,,,,,,,,,,,,,,,,,,,,,,,,,,,,,,,,,,,,,,,,,,,,,,,,,,
Chile,CHL,"New business density (new registrations per 1,000 people ages 15-64)",IC.BUS.NDNS.ZS,,,,,,,,,,,,,,,,,,,,,,,,,,,,,,,,,,,,,,,,,,,,,,,2.91839296444817,3.11632500593515,3.22969495848824,3.36964756364599,3.79168952070131,4.93293573906749,5.71527971124555,7.05705667249922,8.04582753223934,8.31999068675858,8.76803099931455,9.34489546773672,10.3139203347945,,,
China,CHN,"New business density (new registrations per 1,000 people ages 15-64)",IC.BUS.NDNS.ZS,,,,,,,,,,,,,,,,,,,,,,,,,,,,,,,,,,,,,,,,,,,,,,,,,,,,,,,,,,,,,,
Cote d'Ivoire,CIV,"New business density (new registrations per 1,000 people ages 15-64)",IC.BUS.NDNS.ZS,,,,,,,,,,,,,,,,,,,,,,,,,,,,,,,,,,,,,,,,,,,,,,,,,,,,,,0.112210941854497,0.29747300578611,0.453727122456758,0.603700289808312,0.598489823329049,0.739419323520558,,,
Cameroon,CMR,"New business density (new registrations per 1,000 people ages 15-64)",IC.BUS.NDNS.ZS,,,,,,,,,,,,,,,,,,,,,,,,,,,,,,,,,,,,,,,,,,,,,,,,,,,,,,,,,,,,,,
"Congo, Dem. Rep.",COD,"New business density (new registrations per 1,000 people ages 15-64)",IC.BUS.NDNS.ZS,,,,,,,,,,,,,,,,,,,,,,,,,,,,,,,,,,,,,,,,,,,,,,,,,,,,,,,,0.0440572243513526,0.0392292487864563,0.0354766814365817,0.0492035716081441,,,
"Congo, Rep.",COG,"New business density (new registrations per 1,000 people ages 15-64)",IC.BUS.NDNS.ZS,,,,,,,,,,,,,,,,,,,,,,,,,,,,,,,,,,,,,,,,,,,,,,,,,,,,,,,,,,,,,,
Colombia,COL,"New business density (new registrations per 1,000 people ages 15-64)",IC.BUS.NDNS.ZS,,,,,,,,,,,,,,,,,,,,,,,,,,,,,,,,,,,,,,,,,,,,,,,,,,,,1.73193794676732,1.83643027596051,1.90102457070261,2.13445967260941,1.8490761527579,2.05242197268369,1.96901340442358,2.01838796519549,,,
Comoros,COM,"New business density (new registrations per 1,000 people ages 15-64)",IC.BUS.NDNS.ZS,,,,,,,,,,,,,,,,,,,,,,,,,,,,,,,,,,,,,,,,,,,,,,,,,,,,,,,,,,,0.163109281127211,,,
Cabo Verde,CPV,"New business density (new registrations per 1,000 people ages 15-64)",IC.BUS.NDNS.ZS,,,,,,,,,,,,,,,,,,,,,,,,,,,,,,,,,,,,,,,,,,,,,,,,,,2.55820416746192,2.90667395776372,3.58284416370208,2.83170520588599,2.94537449196826,2.9869321717486,3.73295964972977,5.45720902738314,3.19134603509639,3.98653853055748,,,
Costa Rica,CRI,"New business density (new registrations per 1,000 people ages 15-64)",IC.BUS.NDNS.ZS,,,,,,,,,,,,,,,,,,,,,,,,,,,,,,,,,,,,,,,,,,,,,,,1.70920959915277,2.18200531082939,2.37034152389316,1.36858407137182,1.63040631105239,1.38841793959281,0.906616346618182,0.910947541343415,1.12926560314915,1.42733972922298,2.07342607106116,2.15917812796073,2.59962429294502,,,
Caribbean small states,CSS,"New business density (new registrations per 1,000 people ages 15-64)",IC.BUS.NDNS.ZS,,,,,,,,,,,,,,,,,,,,,,,,,,,,,,,,,,,,,,,,,,,,,,,,,,,,,,,,,,,,,,
Cuba,CUB,"New business density (new registrations per 1,000 people ages 15-64)",IC.BUS.NDNS.ZS,,,,,,,,,,,,,,,,,,,,,,,,,,,,,,,,,,,,,,,,,,,,,,,,,,,,,,,,,,,,,,
Curacao,CUW,"New business density (new registrations per 1,000 people ages 15-64)",IC.BUS.NDNS.ZS,,,,,,,,,,,,,,,,,,,,,,,,,,,,,,,,,,,,,,,,,,,,,,,,,,,,,,,,,,,,,,
Cayman Islands,CYM,"New business density (new registrations per 1,000 people ages 15-64)",IC.BUS.NDNS.ZS,,,,,,,,,,,,,,,,,,,,,,,,,,,,,,,,,,,,,,,,,,,,,,,,,,,,,,,,,,,,,,
Cyprus,CYP,"New business density (new registrations per 1,000 people ages 15-64)",IC.BUS.NDNS.ZS,,,,,,,,,,,,,,,,,,,,,,,,,,,,,,,,,,,,,,,,,,,,,,,27.893005292519,39.0398794467467,32.2088616848503,20.8013312025136,24.4916004659985,24.5622283766778,22.4407406853284,13.4382925055533,13.7631127875325,13.8139662017476,16.6570838078985,16.6224479006518,17.5762320362705,,,
Czech Republic,CZE,"New business density (new registrations per 1,000 people ages 15-64)",IC.BUS.NDNS.ZS,,,,,,,,,,,,,,,,,,,,,,,,,,,,,,,,,,,,,,,,,,,,,,,2.25012959346561,2.85980352065333,3.07155475389359,2.94101077490359,3.04884009393078,2.89354414264012,2.97198008741653,3.0930955377849,3.42374323639987,3.69531013997469,3.98155185271186,4.48729474887979,4.39276115360372,,,
Germany,DEU,"New business density (new registrations per 1,000 people ages 15-64)",IC.BUS.NDNS.ZS,,,,,,,,,,,,,,,,,,,,,,,,,,,,,,,,,,,,,,,,,,,,,,,1.19462796174533,1.19687192101115,1.21189026172738,1.37013245205753,1.3729515404683,1.3480630923825,1.31115574127341,1.29269339420206,1.26819028599479,1.29550739530008,1.31321109675261,1.33275705077594,1.35311436795921,,,
Djibouti,DJI,"New business density (new registrations per 1,000 people ages 15-64)",IC.BUS.NDNS.ZS,,,,,,,,,,,,,,,,,,,,,,,,,,,,,,,,,,,,,,,,,,,,,,,,,,,,,,,,,,,,,,
Dominica,DMA,"New business density (new registrations per 1,000 people ages 15-64)",IC.BUS.NDNS.ZS,,,,,,,,,,,,,,,,,,,,,,,,,,,,,,,,,,,,,,,,,,,,,,,4.46535537694134,4.17356883161586,4.38680144955178,3.38678318315807,4.20211987539983,3.72128028766751,3.73247688902391,2.86445900785556,4.16864659380535,3.39929586014326,12.3099935316947,6.82903245301263,7.73674222676371,,,
Denmark,DNK,"New business density (new registrations per 1,000 people ages 15-64)",IC.BUS.NDNS.ZS,,,,,,,,,,,,,,,,,,,,,,,,,,,,,,,,,,,,,,,,,,,,,,,7.38932116535404,8.13017400624872,7.26766498691277,4.85543505676047,5.18689530102685,5.06552730414543,4.74158786739526,4.67812300225812,7.13576976225474,8.31090388284046,9.18059035739224,9.87293496566438,10.0096301617315,,,
Dominican Republic,DOM,"New business density (new registrations per 1,000 people ages 15-64)",IC.BUS.NDNS.ZS,,,,,,,,,,,,,,,,,,,,,,,,,,,,,,,,,,,,,,,,,,,,,,,,,,,,0.51994716557755,1.13420136371256,1.25823633364386,1.22913584231189,1.25851267176509,1.39012407633137,1.40722498663818,1.47856479523312,,,
Algeria,DZA,"New business density (new registrations per 1,000 people ages 15-64)",IC.BUS.NDNS.ZS,,,,,,,,,,,,,,,,,,,,,,,,,,,,,,,,,,,,,,,,,,,,,,,0.18868904461476,0.15854464594468,0.199481656501509,0.192454504327407,0.170339018036472,0.191739007679206,0.309461389343014,0.303755523917315,0.327979309199905,0.311346013486095,0.33615133676904,0.37210735935377,0.353296618881981,,,
East Asia & Pacific (excluding high income),EAP,"New business density (new registrations per 1,000 people ages 15-64)",IC.BUS.NDNS.ZS,,,,,,,,,,,,,,,,,,,,,,,,,,,,,,,,,,,,,,,,,,,,,,,,,,,,,,,,,,,,,,
Early-demographic dividend,EAR,"New business density (new registrations per 1,000 people ages 15-64)",IC.BUS.NDNS.ZS,,,,,,,,,,,,,,,,,,,,,,,,,,,,,,,,,,,,,,,,,,,,,,,0.40914743085357,0.450225455058336,0.44726074110227,0.405014056649665,0.385048065580695,0.394060674621943,0.42169059526444,0.467340421738552,0.45603227899898,0.493622681525491,0.522913823054327,0.361766316435678,0.38762735192958,,,
East Asia & Pacific,EAS,"New business density (new registrations per 1,000 people ages 15-64)",IC.BUS.NDNS.ZS,,,,,,,,,,,,,,,,,,,,,,,,,,,,,,,,,,,,,,,,,,,,,,,,,,,,,,,,,,,,,,
Europe & Central Asia (excluding high income),ECA,"New business density (new registrations per 1,000 people ages 15-64)",IC.BUS.NDNS.ZS,,,,,,,,,,,,,,,,,,,,,,,,,,,,,,,,,,,,,,,,,,,,,,,2.93021261004579,3.00387163767374,3.05643152842338,1.97257848522648,1.98272182634189,1.70703587029494,2.79504187556,2.54745136909767,2.59982695493456,2.79257461880209,2.85376047289869,2.94681188161428,2.84888658569459,,,
Europe & Central Asia,ECS,"New business density (new registrations per 1,000 people ages 15-64)",IC.BUS.NDNS.ZS,,,,,,,,,,,,,,,,,,,,,,,,,,,,,,,,,,,,,,,,,,,,,,,3.45627327026563,3.66099964545336,3.41083459550745,2.8291196297529,2.99458735020496,3.05254801908162,3.51268425106163,3.4583113698181,3.6132316928028,3.79573429856054,4.01185868759511,4.05979630144765,4.17493217880446,,,
Ecuador,ECU,"New business density (new registrations per 1,000 people ages 15-64)",IC.BUS.NDNS.ZS,,,,,,,,,,,,,,,,,,,,,,,,,,,,,,,,,,,,,,,,,,,,,,,,,,,,,,,,,,,,,,
"Egypt, Arab Rep.",EGY,"New business density (new registrations per 1,000 people ages 15-64)",IC.BUS.NDNS.ZS,,,,,,,,,,,,,,,,,,,,,,,,,,,,,,,,,,,,,,,,,,,,,,,,,,,,,,,,,,,,,,
Euro area,EMU,"New business density (new registrations per 1,000 people ages 15-64)",IC.BUS.NDNS.ZS,,,,,,,,,,,,,,,,,,,,,,,,,,,,,,,,,,,,,,,,,,,,,,,2.92663116729971,3.11494577681891,2.86515846041919,2.6097561427808,2.76278952184594,2.84963517327799,2.78034230618804,2.92346835839911,2.96015630019521,3.02756235137279,3.23547501833618,3.34380699521144,3.45806177362202,,,
Eritrea,ERI,"New business density (new registrations per 1,000 people ages 15-64)",IC.BUS.NDNS.ZS,,,,,,,,,,,,,,,,,,,,,,,,,,,,,,,,,,,,,,,,,,,,,,,,,,,,,,,,,,,,,,
Spain,ESP,"New business density (new registrations per 1,000 people ages 15-64)",IC.BUS.NDNS.ZS,,,,,,,,,,,,,,,,,,,,,,,,,,,,,,,,,,,,,,,,,,,,,,,4.79966308840834,4.53076724456217,3.24734771247098,2.44330128572838,2.49508037389725,2.65777341152575,2.74746936054952,2.96928977539348,3.01050372252576,3.04532015895857,3.25840646226828,3.04690137388125,3.07225912842349,,,
Estonia,EST,"New business density (new registrations per 1,000 people ages 15-64)",IC.BUS.NDNS.ZS,,,,,,,,,,,,,,,,,,,,,,,,,,,,,,,,,,,,,,,,,,,,,,,13.1796040440747,12.7382869041317,10.6567449330548,9.06908597622066,10.2737739948163,14.792609661293,15.3784049623898,16.3648104867158,16.0927943924149,17.5366013003147,19.4329363176157,21.7379785246058,23.5931337476422,,,
Ethiopia,ETH,"New business density (new registrations per 1,000 people ages 15-64)",IC.BUS.NDNS.ZS,,,,,,,,,,,,,,,,,,,,,,,,,,,,,,,,,,,,,,,,,,,,,,,,,,,,,,,,,0.188319433012155,0.593760561563609,0.512657621513807,,,
European Union,EUU,"New business density (new registrations per 1,000 people ages 15-64)",IC.BUS.NDNS.ZS,,,,,,,,,,,,,,,,,,,,,,,,,,,,,,,,,,,,,,,,,,,,,,,2.94503289870929,3.18687800520113,3.1250594087502,2.71075246272851,2.86362926741604,3.06219785923364,2.94500166521486,3.07574901145606,3.12497968801614,3.27548758180728,3.53723587037757,3.71484913505788,3.77129944041622,,,
Fragile and conflict affected situations,FCS,"New business density (new registrations per 1,000 people ages 15-64)",IC.BUS.NDNS.ZS,,,,,,,,,,,,,,,,,,,,,,,,,,,,,,,,,,,,,,,,,,,,,,,,,,,,,,,,,0.385289233503134,,,,,
Finland,FIN,"New business density (new registrations per 1,000 people ages 15-64)",IC.BUS.NDNS.ZS,,,,,,,,,,,,,,,,,,,,,,,,,,,,,,,,,,,,,,,,,,,,,,,2.92142654110453,3.9584785456593,3.98006437134839,3.45023610212857,3.48737231238593,3.59554518046285,3.54298597282389,3.54371046224899,3.42763703887682,3.63635420999089,3.93322262040031,4.02442788200824,4.2874805276926,,,
Fiji,FJI,"New business density (new registrations per 1,000 people ages 15-64)",IC.BUS.NDNS.ZS,,,,,,,,,,,,,,,,,,,,,,,,,,,,,,,,,,,,,,,,,,,,,,,,,,,,,,,,,,,,,,
France,FRA,"New business density (new registrations per 1,000 people ages 15-64)",IC.BUS.NDNS.ZS,,,,,,,,,,,,,,,,,,,,,,,,,,,,,,,,,,,,,,,,,,,,,,,3.2891797150946,3.854612408177,3.86923447107035,3.62869869854606,3.89148360761575,3.96173609493104,3.79633323438781,3.7871823537302,3.95789473684211,4.11461641257384,4.5212875543242,4.7566982232765,4.84103012995792,,,
Faroe Islands,FRO,"New business density (new registrations per 1,000 people ages 15-64)",IC.BUS.NDNS.ZS,,,,,,,,,,,,,,,,,,,,,,,,,,,,,,,,,,,,,,,,,,,,,,,,,,,,,,,,,,,,,,
"Micronesia, Fed. Sts.",FSM,"New business density (new registrations per 1,000 people ages 15-64)",IC.BUS.NDNS.ZS,,,,,,,,,,,,,,,,,,,,,,,,,,,,,,,,,,,,,,,,,,,,,,,,,,,,,,,,,,,0.345194206260442,,,
Gabon,GAB,"New business density (new registrations per 1,000 people ages 15-64)",IC.BUS.NDNS.ZS,,,,,,,,,,,,,,,,,,,,,,,,,,,,,,,,,,,,,,,,,,,,,,,0.901550444158905,1.2118386768006,1.22182180603322,1.10739418843042,1.31407566675125,1.2610607426045,1.21316973864775,1.31250323276658,1.43720734643617,1.3203340855703,0.978498841207543,0.968715841998545,0.878428930651769,,,
United Kingdom,GBR,"New business density (new registrations per 1,000 people ages 15-64)",IC.BUS.NDNS.ZS,,,,,,,,,,,,,,,,,,,,,,,,,,,,,,,,,,,,,,,,,,,,,,,10.0470501772613,11.1530329522807,8.86747857457978,8.85213570527684,9.68632030376133,10.9310315338891,11.8386071347288,12.5265518979055,14.0010409603457,14.5629725708749,15.7454914195072,14.9437734667049,15.6450529925722,,,
Georgia,GEO,"New business density (new registrations per 1,000 people ages 15-64)",IC.BUS.NDNS.ZS,,,,,,,,,,,,,,,,,,,,,,,,,,,,,,,,,,,,,,,,,,,,,,,2.34996754604465,2.94715403969483,3.33973568234375,2.99439369824867,4.38825395242754,5.53973386003592,5.95610700431039,7.09540266799603,7.06184103519131,7.42012486967583,8.62636225700267,10.420607535158,10.3539737337805,,,
Ghana,GHA,"New business density (new registrations per 1,000 people ages 15-64)",IC.BUS.NDNS.ZS,,,,,,,,,,,,,,,,,,,,,,,,,,,,,,,,,,,,,,,,,,,,,,,0.603569477228841,0.735773010050901,1.07347465254734,1.10126681616606,0.959464239631214,1.06198269570148,0.869158536393585,,,,,,,,,
Gibraltar,GIB,"New business density (new registrations per 1,000 people ages 15-64)",IC.BUS.NDNS.ZS,,,,,,,,,,,,,,,,,,,,,,,,,,,,,,,,,,,,,,,,,,,,,,,,,,,,,,,,,,,,,,
Guinea,GIN,"New business density (new registrations per 1,000 people ages 15-64)",IC.BUS.NDNS.ZS,,,,,,,,,,,,,,,,,,,,,,,,,,,,,,,,,,,,,,,,,,,,,,,,,,,,,,,0.137432966810804,0.24434985054354,0.300877187712455,0.367880604710409,0.398040249587885,,,
"Gambia, The",GMB,"New business density (new registrations per 1,000 people ages 15-64)",IC.BUS.NDNS.ZS,,,,,,,,,,,,,,,,,,,,,,,,,,,,,,,,,,,,,,,,,,,,,,,,,,,,,,,,,,,,,,
Guinea-Bissau,GNB,"New business density (new registrations per 1,000 people ages 15-64)",IC.BUS.NDNS.ZS,,,,,,,,,,,,,,,,,,,,,,,,,,,,,,,,,,,,,,,,,,,,,,,,,,,,,,,,,,,,,,
Equatorial Guinea,GNQ,"New business density (new registrations per 1,000 people ages 15-64)",IC.BUS.NDNS.ZS,,,,,,,,,,,,,,,,,,,,,,,,,,,,,,,,,,,,,,,,,,,,,,,,,,,,,,,,,,,,,,
Greece,GRC,"New business density (new registrations per 1,000 people ages 15-64)",IC.BUS.NDNS.ZS,,,,,,,,,,,,,,,,,,,,,,,,,,,,,,,,,,,,,,,,,,,,,,,,,,,,,0.481277514567586,0.685232400982867,0.716933969022337,0.678740505891928,0.824931427125615,1.11268884016122,1.42029509302766,,,
Grenada,GRD,"New business density (new registrations per 1,000 people ages 15-64)",IC.BUS.NDNS.ZS,,,,,,,,,,,,,,,,,,,,,,,,,,,,,,,,,,,,,,,,,,,,,,,2.68993962579951,2.71554650373388,2.39105395908965,1.41074179106626,1.60591203012861,1.46559377686335,1.08766890243052,1.76576079459236,1.88674086024446,2.22759501236044,2.3496050232935,2.59684342245126,2.52450651268967,,,
Greenland,GRL,"New business density (new registrations per 1,000 people ages 15-64)",IC.BUS.NDNS.ZS,,,,,,,,,,,,,,,,,,,,,,,,,,,,,,,,,,,,,,,,,,,,,,,,,,,,,,,,,,,,,,
Guatemala,GTM,"New business density (new registrations per 1,000 people ages 15-64)",IC.BUS.NDNS.ZS,,,,,,,,,,,,,,,,,,,,,,,,,,,,,,,,,,,,,,,,,,,,,,,0.667523160151383,0.661737558229894,0.71077189698546,0.640420211872353,0.612498239476985,0.597165506039669,0.475549295255731,0.504425968431139,0.4920603773811,0.50470588137574,0.479510392739298,0.552114799845875,0.527748349736636,,,
Guam,GUM,"New business density (new registrations per 1,000 people ages 15-64)",IC.BUS.NDNS.ZS,,,,,,,,,,,,,,,,,,,,,,,,,,,,,,,,,,,,,,,,,,,,,,,,,,,,,,,,,,,,,,
Guyana,GUY,"New business density (new registrations per 1,000 people ages 15-64)",IC.BUS.NDNS.ZS,,,,,,,,,,,,,,,,,,,,,,,,,,,,,,,,,,,,,,,,,,,,,,,,,,,,,,,,,,,,,,
High income,HIC,"New business density (new registrations per 1,000 people ages 15-64)",IC.BUS.NDNS.ZS,,,,,,,,,,,,,,,,,,,,,,,,,,,,,,,,,,,,,,,,,,,,,,,3.22287874920401,3.5009540614324,3.1402477598078,3.01743254940939,3.29592964098587,3.54400210391632,3.63509977514322,3.94228338561018,4.16122222290947,4.26166612817664,4.52726025499342,4.52082840498119,4.62634101332451,,,
"Hong Kong SAR, China",HKG,"New business density (new registrations per 1,000 people ages 15-64)",IC.BUS.NDNS.ZS,,,,,,,,,,,,,,,,,,,,,,,,,,,,,,,,,,,,,,,,,,,,,,,16.1852911176566,19.6058744656645,18.976436285093,20.9229630207509,26.4418311929846,27.9243114840235,28.0029747507956,32.437460904911,31.1483264012418,25.924646468973,27.0333710053694,30.0157676023634,28.5927538919114,,,
Honduras,HND,"New business density (new registrations per 1,000 people ages 15-64)",IC.BUS.NDNS.ZS,,,,,,,,,,,,,,,,,,,,,,,,,,,,,,,,,,,,,,,,,,,,,,,,,,,,,,,,,,,,,,
Heavily indebted poor countries (HIPC),HPC,"New business density (new registrations per 1,000 people ages 15-64)",IC.BUS.NDNS.ZS,,,,,,,,,,,,,,,,,,,,,,,,,,,,,,,,,,,,,,,,,,,,,,,,,,,,,,,,,0.326948314696547,0.399176597295802,0.403600411741678,,,
Croatia,HRV,"New business density (new registrations per 1,000 people ages 15-64)",IC.BUS.NDNS.ZS,,,,,,,,,,,,,,,,,,,,,,,,,,,,,,,,,,,,,,,,,,,,,,,3.42473917154685,3.66267087915846,3.51113253038706,2.70401060265905,2.48070322845856,2.49148672012369,2.79818992419296,5.01307158592721,4.60633659088454,4.51184872264885,4.90428792841236,5.51864456939923,5.85934636237416,,,
Haiti,HTI,"New business density (new registrations per 1,000 people ages 15-64)",IC.BUS.NDNS.ZS,,,,,,,,,,,,,,,,,,,,,,,,,,,,,,,,,,,,,,,,,,,,,,,0.0351218682615692,0.036361432640446,0.0352359257708301,0.052166413980183,0.0649675696480335,,,,,,,,,,,
Hungary,HUN,"New business density (new registrations per 1,000 people ages 15-64)",IC.BUS.NDNS.ZS,,,,,,,,,,,,,,,,,,,,,,,,,,,,,,,,,,,,,,,,,,,,,,,3.17532503508902,3.94953153224485,6.30476339494691,6.08241303672637,6.41135004039227,7.59682654962633,4.7332082512018,4.15285118918006,3.6262380894396,3.14084233607162,3.36422428925338,3.47152648884572,3.73715353472438,,,
IBRD only,IBD,"New business density (new registrations per 1,000 people ages 15-64)",IC.BUS.NDNS.ZS,,,,,,,,,,,,,,,,,,,,,,,,,,,,,,,,,,,,,,,,,,,,,,,,,,,,,,,,,,,,,,
IDA & IBRD total,IBT,"New business density (new registrations per 1,000 people ages 15-64)",IC.BUS.NDNS.ZS,,,,,,,,,,,,,,,,,,,,,,,,,,,,,,,,,,,,,,,,,,,,,,,,,,,,,,,,,0.892887636148106,,,,,
IDA total,IDA,"New business density (new registrations per 1,000 people ages 15-64)",IC.BUS.NDNS.ZS,,,,,,,,,,,,,,,,,,,,,,,,,,,,,,,,,,,,,,,,,,,,,,,,,,,,,,,,0.345606359237469,0.353810588627312,0.426239925616836,0.48035622157407,,,
IDA blend,IDB,"New business density (new registrations per 1,000 people ages 15-64)",IC.BUS.NDNS.ZS,,,,,,,,,,,,,,,,,,,,,,,,,,,,,,,,,,,,,,,,,,,,,,,0.341156884459383,0.449954364868092,0.554671214546545,0.388965904284822,0.408313952062971,0.454308380245454,0.474782987245728,0.459122810031961,0.444187289662679,0.426573023509049,0.462635972718008,0.572382278038457,0.677572901360864,,,
Indonesia,IDN,"New business density (new registrations per 1,000 people ages 15-64)",IC.BUS.NDNS.ZS,,,,,,,,,,,,,,,,,,,,,,,,,,,,,,,,,,,,,,,,,,,,,,,0.156423238653729,0.163177894862398,0.252880737681333,0.187633863584705,0.237988552679418,0.269635236020585,0.288322360085478,0.304232525649141,0.339109521088443,0.328900959916689,0.332198340342186,,,,,
IDA only,IDX,"New business density (new registrations per 1,000 people ages 15-64)",IC.BUS.NDNS.ZS,,,,,,,,,,,,,,,,,,,,,,,,,,,,,,,,,,,,,,,,,,,,,,,,,,,,,,,,,0.29397639373761,0.33716957862582,0.360582565308215,,,
Isle of Man,IMN,"New business density (new registrations per 1,000 people ages 15-64)",IC.BUS.NDNS.ZS,,,,,,,,,,,,,,,,,,,,,,,,,,,,,,,,,,,,,,,,,,,,,,,,,,,,,,,,,,,,,,
India,IND,"New business density (new registrations per 1,000 people ages 15-64)",IC.BUS.NDNS.ZS,,,,,,,,,,,,,,,,,,,,,,,,,,,,,,,,,,,,,,,,,,,,,,,0.0679226699125764,0.0842699719478591,0.0923416609089457,0.078346808923058,0.10950041069826,0.120916848862701,0.125659347682794,0.109960196279112,0.0821790058567706,0.0932278766235897,0.106758992176659,0.121333396024238,0.137240839351695,,,
Not classified,INX,"New business density (new registrations per 1,000 people ages 15-64)",IC.BUS.NDNS.ZS,,,,,,,,,,,,,,,,,,,,,,,,,,,,,,,,,,,,,,,,,,,,,,,,,,,,,,,,,,,,,,
Ireland,IRL,"New business density (new registrations per 1,000 people ages 15-64)",IC.BUS.NDNS.ZS,,,,,,,,,,,,,,,,,,,,,,,,,,,,,,,,,,,,,,,,,,,,,,,6.43949121523066,6.09828445169821,4.72751038415963,4.24531855827243,4.43473024281539,4.62537438662601,4.46836395723035,4.98840129973144,5.73575259715438,6.25211379517662,6.7030970569689,7.14020792321375,7.12956304926809,,,
"Iran, Islamic Rep.",IRN,"New business density (new registrations per 1,000 people ages 15-64)",IC.BUS.NDNS.ZS,,,,,,,,,,,,,,,,,,,,,,,,,,,,,,,,,,,,,,,,,,,,,,,,,,,,,,,,,,,0.417652661224435,,,
Iraq,IRQ,"New business density (new registrations per 1,000 people ages 15-64)",IC.BUS.NDNS.ZS,,,,,,,,,,,,,,,,,,,,,,,,,,,,,,,,,,,,,,,,,,,,,,,0.250741451610902,0.230023404947024,0.340992072401385,0.296714113398751,0.155251882383087,0.115476871338805,0.137158729486932,0.162342718491753,0.0997022020489057,0.087919920134931,0.0955451144401068,,,,,
Iceland,ISL,"New business density (new registrations per 1,000 people ages 15-64)",IC.BUS.NDNS.ZS,,,,,,,,,,,,,,,,,,,,,,,,,,,,,,,,,,,,,,,,,,,,,,,15.9065965445489,17.9806695750681,11.8464206280394,12.4248027901969,7.55211379641111,8.04349758788656,8.40971810400781,9.03406110293537,9.70350155809194,10.8775338147429,12.2667415872901,11.3268033638519,9.87713074327248,,,
Israel,ISR,"New business density (new registrations per 1,000 people ages 15-64)",IC.BUS.NDNS.ZS,,,,,,,,,,,,,,,,,,,,,,,,,,,,,,,,,,,,,,,,,,,,,,,3.19530423462617,3.50207388437841,3.20332530034875,3.09764500157217,3.42755313855077,3.2857382399915,2.91487027845134,2.86534454451595,3.0647154373231,3.24946092095682,3.40299457343625,3.27447160076443,3.26954756212112,,,
Italy,ITA,"New business density (new registrations per 1,000 people ages 15-64)",IC.BUS.NDNS.ZS,,,,,,,,,,,,,,,,,,,,,,,,,,,,,,,,,,,,,,,,,,,,,,,2.27100489874681,2.36365756555849,2.26622422924464,2.14034113906707,2.25160767209009,2.06482979344942,1.95402889108925,2.1398681064977,2.33487841234693,2.55896761475133,2.62565332841117,2.85757232672014,2.96060845215398,,,
Jamaica,JAM,"New business density (new registrations per 1,000 people ages 15-64)",IC.BUS.NDNS.ZS,,,,,,,,,,,,,,,,,,,,,,,,,,,,,,,,,,,,,,,,,,,,,,,1.13504740594616,1.15988738089521,1.20808859693257,1.14661255978328,1.11007857927527,1.02871452981998,1.04165272711214,1.02984216135745,0.927608395613745,1.15161083310537,1.30464749901536,1.39047668471285,1.59573258976943,,,
Jordan,JOR,"New business density (new registrations per 1,000 people ages 15-64)",IC.BUS.NDNS.ZS,,,,,,,,,,,,,,,,,,,,,,,,,,,,,,,,,,,,,,,,,,,,,,,0.62454582052168,0.540648767609956,0.601422266237037,0.674751014408586,0.726302679743544,0.671716958499209,0.807005508834916,0.813174451960467,0.767016743377711,0.619544738471544,0.594505118430589,0.655882416229453,0.533619401356584,,,
Japan,JPN,"New business density (new registrations per 1,000 people ages 15-64)",IC.BUS.NDNS.ZS,,,,,,,,,,,,,,,,,,,,,,,,,,,,,,,,,,,,,,,,,,,,,,,0.0408010579324051,0.0735526157096951,0.065854402533749,0.0709882668242404,0.0884809780686585,0.11383948713575,0.137453528284163,0.185780790599242,0.254867387095387,0.288697150009642,0.311674104787922,0.360282533347337,0.386956720168443,,,
Kazakhstan,KAZ,"New business density (new registrations per 1,000 people ages 15-64)",IC.BUS.NDNS.ZS,,,,,,,,,,,,,,,,,,,,,,,,,,,,,,,,,,,,,,,,,,,,,,,1.18512970463703,1.8612423507456,1.29154827860295,0.291473011038551,0.0626552201103583,1.24898563275748,1.34239066496442,1.69690686110149,1.29732945695331,0.915063563594348,1.84409025592723,2.39039226880014,2.00137564722291,,,
Kenya,KEN,"New business density (new registrations per 1,000 people ages 15-64)",IC.BUS.NDNS.ZS,,,,,,,,,,,,,,,,,,,,,,,,,,,,,,,,,,,,,,,,,,,,,,,,,,,,,,,,,,1.29416220543308,1.48791859119636,,,
Kyrgyz Republic,KGZ,"New business density (new registrations per 1,000 people ages 15-64)",IC.BUS.NDNS.ZS,,,,,,,,,,,,,,,,,,,,,,,,,,,,,,,,,,,,,,,,,,,,,,,0.96136314167846,0.853990037762464,1.07510074193797,0.897766263244609,0.813107118815803,0.950166493636541,0.922888172938155,1.08608787379524,1.08828889663963,1.17705940264824,1.2741283539764,,,,,
Cambodia,KHM,"New business density (new registrations per 1,000 people ages 15-64)",IC.BUS.NDNS.ZS,,,,,,,,,,,,,,,,,,,,,,,,,,,,,,,,,,,,,,,,,,,,,,,0.205488158037374,0.338419079938395,0.319958657237059,0.227687608962957,0.285520428698045,0.337311632806729,0.359847751977409,0.310701351592501,0.392775301309666,0.442719671948432,0.417697893247339,0.527546021397857,0.671346707890887,,,
Kiribati,KIR,"New business density (new registrations per 1,000 people ages 15-64)",IC.BUS.NDNS.ZS,,,,,,,,,,,,,,,,,,,,,,,,,,,,,,,,,,,,,,,,,,,,,,,0.0703903142927533,0.0515269142248634,0.0336813742000674,0.0494763750309227,0.0644143128603176,0.0475330354596444,0.0775879459367193,0.0303508558941362,0.0297729810197246,0.0440147302630614,0.0579013650246805,0.0574135208841682,0.0285322985619722,,,
St. Kitts and Nevis,KNA,"New business density (new registrations per 1,000 people ages 15-64)",IC.BUS.NDNS.ZS,,,,,,,,,,,,,,,,,,,,,,,,,,,,,,,,,,,,,,,,,,,,,,,,,,,,,,,,,,,,,,
"Korea, Rep.",KOR,"New business density (new registrations per 1,000 people ages 15-64)",IC.BUS.NDNS.ZS,,,,,,,,,,,,,,,,,,,,,,,,,,,,,,,,,,,,,,,,,,,,,,,1.43305325404735,1.50537794978649,1.41337244265431,1.56406737808037,1.66258092201624,1.77920597625204,2.01400302668031,2.04160090751746,2.27344139335596,2.50555699343208,2.56457957017854,,,,,
Kuwait,KWT,"New business density (new registrations per 1,000 people ages 15-64)",IC.BUS.NDNS.ZS,,,,,,,,,,,,,,,,,,,,,,,,,,,,,,,,,,,,,,,,,,,,,,,,,,,,,,,,,,3.20978882048674,5.90162953113647,,,
Latin America & Caribbean (excluding high income),LAC,"New business density (new registrations per 1,000 people ages 15-64)",IC.BUS.NDNS.ZS,,,,,,,,,,,,,,,,,,,,,,,,,,,,,,,,,,,,,,,,,,,,,,,,,,,1.8297080914934,1.83278950960264,1.53706232132128,1.52963946063059,1.43960151930173,1.32687770663894,1.24566821277584,1.3519530324464,1.34207305505565,,,
Lao PDR,LAO,"New business density (new registrations per 1,000 people ages 15-64)",IC.BUS.NDNS.ZS,,,,,,,,,,,,,,,,,,,,,,,,,,,,,,,,,,,,,,,,,,,,,,,,,0.00679390518765615,0.0206124650446947,0.0208416388154681,0.0171858306471793,0.0246308983701201,0.0228031574441527,0.018170396160668,0.0225294768560613,0.0264819865578365,0.0255175331653885,0.0398084542421946,,,
Lebanon,LBN,"New business density (new registrations per 1,000 people ages 15-64)",IC.BUS.NDNS.ZS,,,,,,,,,,,,,,,,,,,,,,,,,,,,,,,,,,,,,,,,,,,,,,,,,,,,,,,,,,,,,,
Liberia,LBR,"New business density (new registrations per 1,000 people ages 15-64)",IC.BUS.NDNS.ZS,,,,,,,,,,,,,,,,,,,,,,,,,,,,,,,,,,,,,,,,,,,,,,,,,,,,0.00695077093317343,0.0134622055310818,0.0147872763315725,0.0160201145185239,0.00817076573556706,0.0122881824549331,0.0123064379976656,0.0220117139626271,,,
Libya,LBY,"New business density (new registrations per 1,000 people ages 15-64)",IC.BUS.NDNS.ZS,,,,,,,,,,,,,,,,,,,,,,,,,,,,,,,,,,,,,,,,,,,,,,,,,,,,,,,,,,,,,,
St. Lucia,LCA,"New business density (new registrations per 1,000 people ages 15-64)",IC.BUS.NDNS.ZS,,,,,,,,,,,,,,,,,,,,,,,,,,,,,,,,,,,,,,,,,,,,,,,4.44158942828301,5.18580218717253,5.09155169849616,3.65698037905843,3.35705992225756,3.04870492006444,3.08508819770613,1.90500687249315,2.43989668189946,2.88560578064678,2.58812890752896,2.48919673157647,2.68507863444572,,,
Latin America & Caribbean,LCN,"New business density (new registrations per 1,000 people ages 15-64)",IC.BUS.NDNS.ZS,,,,,,,,,,,,,,,,,,,,,,,,,,,,,,,,,,,,,,,,,,,,,,,,,,,1.90998853118955,1.94695087862446,1.69026689690649,1.7303103678217,1.67878956498555,1.57955799309902,1.51764256260425,1.64023873652875,1.6543701809509,,,
Least developed countries: UN classification,LDC,"New business density (new registrations per 1,000 people ages 15-64)",IC.BUS.NDNS.ZS,,,,,,,,,,,,,,,,,,,,,,,,,,,,,,,,,,,,,,,,,,,,,,,,,,,,,,,,,0.276953291242733,0.33140749979459,0.351548017243122,,,
Low income,LIC,"New business density (new registrations per 1,000 people ages 15-64)",IC.BUS.NDNS.ZS,,,,,,,,,,,,,,,,,,,,,,,,,,,,,,,,,,,,,,,,,,,,,,,,,,,,,,,,,,0.374513459090783,0.374719581703887,,,
Liechtenstein,LIE,"New business density (new registrations per 1,000 people ages 15-64)",IC.BUS.NDNS.ZS,,,,,,,,,,,,,,,,,,,,,,,,,,,,,,,,,,,,,,,,,,,,,,,,,0.622716705413484,0.290011186145751,0.494254293834178,0.818967282257074,0.976999796458376,1.21413250232709,1.16681419489821,1.16204519955121,1.32450331125828,4.91333952336738,6.30609718353451,,,
Sri Lanka,LKA,"New business density (new registrations per 1,000 people ages 15-64)",IC.BUS.NDNS.ZS,,,,,,,,,,,,,,,,,,,,,,,,,,,,,,,,,,,,,,,,,,,,,,,,0.214733145297953,0.320868496936415,0.299864485170993,0.448806560185658,0.560912112495163,0.512155788171779,0.423678132279223,0.486107585645507,0.549266320572628,0.57914930296579,0.674822805591841,0.742390864481316,,,
Lower middle income,LMC,"New business density (new registrations per 1,000 people ages 15-64)",IC.BUS.NDNS.ZS,,,,,,,,,,,,,,,,,,,,,,,,,,,,,,,,,,,,,,,,,,,,,,,0.190179492918259,0.232327706930241,0.262435384194258,0.213955695604292,0.251034125932143,0.280930665810427,0.289680036662633,0.28081788414907,0.268724549243043,0.295162066249457,0.318699546059101,0.31796640050766,0.331420151585734,,,
Low & middle income,LMY,"New business density (new registrations per 1,000 people ages 15-64)",IC.BUS.NDNS.ZS,,,,,,,,,,,,,,,,,,,,,,,,,,,,,,,,,,,,,,,,,,,,,,,,,,,,,,,,,0.843771531003984,,,,,
Lesotho,LSO,"New business density (new registrations per 1,000 people ages 15-64)",IC.BUS.NDNS.ZS,,,,,,,,,,,,,,,,,,,,,,,,,,,,,,,,,,,,,,,,,,,,,,,0.748368556546728,0.886327253797513,1.17930003435756,1.25617732101984,1.42631704208382,1.29640513030724,1.4643056132259,1.63991051511914,1.54047717336385,2.02139122329536,1.79042739937502,1.87962404441545,2.83246914509618,,,
Late-demographic dividend,LTE,"New business density (new registrations per 1,000 people ages 15-64)",IC.BUS.NDNS.ZS,,,,,,,,,,,,,,,,,,,,,,,,,,,,,,,,,,,,,,,,,,,,,,,,,,,,,,,,,,,,,,
Lithuania,LTU,"New business density (new registrations per 1,000 people ages 15-64)",IC.BUS.NDNS.ZS,,,,,,,,,,,,,,,,,,,,,,,,,,,,,,,,,,,,,,,,,,,,,,,2.4085854019846,3.01387951537844,2.50824692379584,2.51535934603452,3.09831521390584,3.79923440482233,5.43592115735199,4.04557231517002,4.31331961845863,3.19067316289924,3.33576829014042,3.52529714214054,3.32766300726036,,,
Luxembourg,LUX,"New business density (new registrations per 1,000 people ages 15-64)",IC.BUS.NDNS.ZS,,,,,,,,,,,,,,,,,,,,,,,,,,,,,,,,,,,,,,,,,,,,,,,,,,10.5155167991793,12.6872648369151,5.39334305765172,14.01363370488,15.7991798370851,17.55262939787,16.7472258152359,15.2968430391601,15.9361784390902,17.1963118157884,,,
Latvia,LVA,"New business density (new registrations per 1,000 people ages 15-64)",IC.BUS.NDNS.ZS,,,,,,,,,,,,,,,,,,,,,,,,,,,,,,,,,,,,,,,,,,,,,,,7.40892223963058,7.97129003708614,6.01887139590507,4.92518810289941,8.37463284435557,12.1433171013816,11.5757819825805,11.484063916386,10.6482295178509,9.70653038907325,8.09020512068667,7.44516168117171,8.00501205945653,,,
"Macao SAR, China",MAC,"New business density (new registrations per 1,000 people ages 15-64)",IC.BUS.NDNS.ZS,,,,,,,,,,,,,,,,,,,,,,,,,,,,,,,,,,,,,,,,,,,,,,,,,,,,,,,,,,,,,,
St. Martin (French part),MAF,"New business density (new registrations per 1,000 people ages 15-64)",IC.BUS.NDNS.ZS,,,,,,,,,,,,,,,,,,,,,,,,,,,,,,,,,,,,,,,,,,,,,,,,,,,,,,,,,,,,,,
Morocco,MAR,"New business density (new registrations per 1,000 people ages 15-64)",IC.BUS.NDNS.ZS,,,,,,,,,,,,,,,,,,,,,,,,,,,,,,,,,,,,,,,,,,,,,,,0.894335084864496,1.23415546974799,1.28633562506832,1.30988439108014,1.31929554671272,1.40188569412127,1.50689187688253,1.49912332259251,1.54346943831939,1.56878669242941,1.68743363891368,1.71001097974676,1.90428571880647,,,
Monaco,MCO,"New business density (new registrations per 1,000 people ages 15-64)",IC.BUS.NDNS.ZS,,,,,,,,,,,,,,,,,,,,,,,,,,,,,,,,,,,,,,,,,,,,,,,,,,,,,,,,,,,,,,
Moldova,MDA,"New business density (new registrations per 1,000 people ages 15-64)",IC.BUS.NDNS.ZS,,,,,,,,,,,,,,,,,,,,,,,,,,,,,,,,,,,,,,,,,,,,,,,,,,,,,,,1.6900353846422,1.72174701549307,1.69534782670066,1.97641833008801,1.86315927547514,,,
Madagascar,MDG,"New business density (new registrations per 1,000 people ages 15-64)",IC.BUS.NDNS.ZS,,,,,,,,,,,,,,,,,,,,,,,,,,,,,,,,,,,,,,,,,,,,,,,,,,,,,,,0.119654629247019,0.114675251282237,0.113111297487317,0.132734401877801,0.127115499941004,,,
Maldives,MDV,"New business density (new registrations per 1,000 people ages 15-64)",IC.BUS.NDNS.ZS,,,,,,,,,,,,,,,,,,,,,,,,,,,,,,,,,,,,,,,,,,,,,,,4.31138839742993,4.64911029490425,4.66608839075499,3.6959810294779,,,,,,,,,,,,
Middle East & North Africa,MEA,"New business density (new registrations per 1,000 people ages 15-64)",IC.BUS.NDNS.ZS,,,,,,,,,,,,,,,,,,,,,,,,,,,,,,,,,,,,,,,,,,,,,,,,,,,,,,,,,,,,,,
Mexico,MEX,"New business density (new registrations per 1,000 people ages 15-64)",IC.BUS.NDNS.ZS,,,,,,,,,,,,,,,,,,,,,,,,,,,,,,,,,,,,,,,,,,,,,,,0.327075618756127,0.381485381854454,0.386097259666687,0.535925370562021,0.617302363744611,0.598499474979946,0.407311693855982,0.549401795906979,0.553972930985339,0.577269340241929,0.557475597354455,1.00691938423605,1.00407038451661,,,
Marshall Islands,MHL,"New business density (new registrations per 1,000 people ages 15-64)",IC.BUS.NDNS.ZS,,,,,,,,,,,,,,,,,,,,,,,,,,,,,,,,,,,,,,,,,,,,,,,,,,,,,,,,,,,,,,
Middle income,MIC,"New business density (new registrations per 1,000 people ages 15-64)",IC.BUS.NDNS.ZS,,,,,,,,,,,,,,,,,,,,,,,,,,,,,,,,,,,,,,,,,,,,,,,,,,,,,,,,0.863547378660626,0.891942091157644,,,,,
North Macedonia,MKD,"New business density (new registrations per 1,000 people ages 15-64)",IC.BUS.NDNS.ZS,,,,,,,,,,,,,,,,,,,,,,,,,,,,,,,,,,,,,,,,,,,,,,,5.61274710996143,6.49127967357499,6.71752871374868,5.55646549885003,4.60945977049288,4.10387476734476,3.67153572838531,3.70785477614133,3.75742182637637,3.94460129503289,3.88437180685103,3.72657442287094,3.63230759497501,,,
Mali,MLI,"New business density (new registrations per 1,000 people ages 15-64)",IC.BUS.NDNS.ZS,,,,,,,,,,,,,,,,,,,,,,,,,,,,,,,,,,,,,,,,,,,,,,,,,,0.0737334962728751,0.196806001488195,0.236387346021535,0.194947235841751,0.201909384002997,0.284884058993686,0.333377606126459,0.346827720957132,0.327826606211967,0.328465123405291,,,
Malta,MLT,"New business density (new registrations per 1,000 people ages 15-64)",IC.BUS.NDNS.ZS,,,,,,,,,,,,,,,,,,,,,,,,,,,,,,,,,,,,,,,,,,,,,,,3.86941698406585,3.98344304030536,4.03792134831461,4.3235101323552,5.3597842164796,7.27054940004039,9.28398079320054,11.812911080683,13.9980504297916,15.3270200368332,14.8736008465189,15.8628227456856,17.4848624810979,,,
Myanmar,MMR,"New business density (new registrations per 1,000 people ages 15-64)",IC.BUS.NDNS.ZS,,,,,,,,,,,,,,,,,,,,,,,,,,,,,,,,,,,,,,,,,,,,,,,0.0167137642673659,0.0168137126890277,0.0217995666097525,0.0232110034751502,0.0359768076389258,0.0581886536615225,0.0908600139424957,0.118629689710891,0.129764269613585,0.13497240727778,0.186593951314689,0.209464497278139,0.385612967090207,,,
Middle East & North Africa (excluding high income),MNA,"New business density (new registrations per 1,000 people ages 15-64)",IC.BUS.NDNS.ZS,,,,,,,,,,,,,,,,,,,,,,,,,,,,,,,,,,,,,,,,,,,,,,,,,,,,,,,,,,,,,,
Montenegro,MNE,"New business density (new registrations per 1,000 people ages 15-64)",IC.BUS.NDNS.ZS,,,,,,,,,,,,,,,,,,,,,,,,,,,,,,,,,,,,,,,,,,,,,,,7.41916971441911,10.3535359649781,8.18479972645094,5.58933358866335,5.64413379216728,5.60102891566838,5.90812848339837,6.87480738686201,7.28754150343759,7.14662084221419,6.70380691513033,7.60794458776752,11.2884568674652,,,
Mongolia,MNG,"New business density (new registrations per 1,000 people ages 15-64)",IC.BUS.NDNS.ZS,,,,,,,,,,,,,,,,,,,,,,,,,,,,,,,,,,,,,,,,,,,,,,,7.17520231718009,6.64783067832026,5.58210684031262,4.21290482114093,4.88613804814916,5.91461278530348,5.80026236334383,6.50066455757346,6.48313912181337,5.4546905728491,4.90246375068424,5.98390743126626,5.54098921127459,,,
Northern Mariana Islands,MNP,"New business density (new registrations per 1,000 people ages 15-64)",IC.BUS.NDNS.ZS,,,,,,,,,,,,,,,,,,,,,,,,,,,,,,,,,,,,,,,,,,,,,,,,,,,,,,,,,,,,,,
Mozambique,MOZ,"New business density (new registrations per 1,000 people ages 15-64)",IC.BUS.NDNS.ZS,,,,,,,,,,,,,,,,,,,,,,,,,,,,,,,,,,,,,,,,,,,,,,,,,,,,,,,,,,,,,,
Mauritania,MRT,"New business density (new registrations per 1,000 people ages 15-64)",IC.BUS.NDNS.ZS,,,,,,,,,,,,,,,,,,,,,,,,,,,,,,,,,,,,,,,,,,,,,,,,,,,,,,,,0.0960038717177854,0.422791435793761,0.462828326578597,0.38359769841381,,,
Mauritius,MUS,"New business density (new registrations per 1,000 people ages 15-64)",IC.BUS.NDNS.ZS,,,,,,,,,,,,,,,,,,,,,,,,,,,,,,,,,,,,,,,,,,,,,,,8.7466369269247,10.3488787744357,10.3825482865685,7.57481428511048,8.45077779632513,8.17778520859057,7.66946053889858,7.13410614804309,7.95487562864384,8.79507968824273,9.9147539514512,9.79566359832074,9.25723147883295,,,
Malawi,MWI,"New business density (new registrations per 1,000 people ages 15-64)",IC.BUS.NDNS.ZS,,,,,,,,,,,,,,,,,,,,,,,,,,,,,,,,,,,,,,,,,,,,,,,0.0637824738214707,0.0927334483346225,0.114336556036604,0.0861635891603142,,,,,,,,,,,,
Malaysia,MYS,"New business density (new registrations per 1,000 people ages 15-64)",IC.BUS.NDNS.ZS,,,,,,,,,,,,,,,,,,,,,,,,,,,,,,,,,,,,,,,,,,,,,,,2.23335123062651,2.46604809377049,2.31021523304517,2.2540750426503,2.33529591456881,2.34736341074202,2.29921255220993,2.3000607824616,2.39959782851588,2.37261897071562,2.1962751494262,2.41900254333143,2.3660841088417,,,
North America,NAC,"New business density (new registrations per 1,000 people ages 15-64)",IC.BUS.NDNS.ZS,,,,,,,,,,,,,,,,,,,,,,,,,,,,,,,,,,,,,,,,,,,,,,,,,,,,,,,,,,,,,,
Namibia,NAM,"New business density (new registrations per 1,000 people ages 15-64)",IC.BUS.NDNS.ZS,,,,,,,,,,,,,,,,,,,,,,,,,,,,,,,,,,,,,,,,,,,,,,,0.581827327464287,0.603510737822139,0.842373143420576,0.775442183724468,0.64821945497902,0.690598993766415,0.872757122611921,0.874634684646447,0.91530360910226,1.00583998556016,1.15112904135144,,,,,
New Caledonia,NCL,"New business density (new registrations per 1,000 people ages 15-64)",IC.BUS.NDNS.ZS,,,,,,,,,,,,,,,,,,,,,,,,,,,,,,,,,,,,,,,,,,,,,,,,,,,,,,,,,,,,,,
Niger,NER,"New business density (new registrations per 1,000 people ages 15-64)",IC.BUS.NDNS.ZS,,,,,,,,,,,,,,,,,,,,,,,,,,,,,,,,,,,,,,,,,,,,,,,,,,,,,,,,,0.0775614674629644,0.0742552245007412,0.0874786565232768,,,
Nigeria,NGA,"New business density (new registrations per 1,000 people ages 15-64)",IC.BUS.NDNS.ZS,,,,,,,,,,,,,,,,,,,,,,,,,,,,,,,,,,,,,,,,,,,,,,,0.453277887225969,0.592283395308114,0.799495392607601,0.792108651181193,0.771333394511511,0.837083913499803,0.914617208115192,0.81678286936741,0.768729748062105,0.731888938531626,0.762692344447768,0.772904841607206,0.825373288264172,,,
Nicaragua,NIC,"New business density (new registrations per 1,000 people ages 15-64)",IC.BUS.NDNS.ZS,,,,,,,,,,,,,,,,,,,,,,,,,,,,,,,,,,,,,,,,,,,,,,,,,,,,,,,,,,,,,,
Netherlands,NLD,"New business density (new registrations per 1,000 people ages 15-64)",IC.BUS.NDNS.ZS,,,,,,,,,,,,,,,,,,,,,,,,,,,,,,,,,,,,,,,,,,,,,,,3.30289917419354,3.15330156110174,3.44063913168021,3.15794530942556,3.04335952418016,3.1936557490289,4.3749615236154,6.24851496888818,5.80623881729952,5.83017926563201,6.05918753973896,6.18174391926453,6.41664957796744,,,
Norway,NOR,"New business density (new registrations per 1,000 people ages 15-64)",IC.BUS.NDNS.ZS,,,,,,,,,,,,,,,,,,,,,,,,,,,,,,,,,,,,,,,,,,,,,,,11.3542410355376,6.55857280305515,5.50981662066695,4.01498443966862,4.3021592853961,4.95471719630517,7.72075778812678,7.84538256197763,7.65145657011377,7.83003436524856,8.12975458729221,8.64836149861725,8.61963800915392,,,
Nepal,NPL,"New business density (new registrations per 1,000 people ages 15-64)",IC.BUS.NDNS.ZS,,,,,,,,,,,,,,,,,,,,,,,,,,,,,,,,,,,,,,,,,,,,,,,0.376967805965859,0.474043978839068,0.55215675282518,0.632104668303507,0.614890607177041,0.626327618824527,0.651065462776721,0.579030233557249,0.734185886838717,0.753946025436562,1.01767565881381,1.10705366354727,1.34296954495422,,,
Nauru,NRU,"New business density (new registrations per 1,000 people ages 15-64)",IC.BUS.NDNS.ZS,,,,,,,,,,,,,,,,,,,,,,,,,,,,,,,,,,,,,,,,,,,,,,,,,,,,,,,,,,,,,,
New Zealand,NZL,"New business density (new registrations per 1,000 people ages 15-64)",IC.BUS.NDNS.ZS,,,,,,,,,,,,,,,,,,,,,,,,,,,,,,,,,,,,,,,,,,,,,,,24.3918749838207,25.0382954128075,18.8379396054266,16.8798954701398,15.6234975078086,14.528096944008,15.0749934523797,15.5385144346809,16.531568487661,17.4180300589731,18.9997744736902,18.5998160475399,17.8382045109965,,,
OECD members,OED,"New business density (new registrations per 1,000 people ages 15-64)",IC.BUS.NDNS.ZS,,,,,,,,,,,,,,,,,,,,,,,,,,,,,,,,,,,,,,,,,,,,,,,,,,,,2.95517926244745,3.01561727746514,3.08374874878308,3.28163294781925,3.41793717576048,3.62248026900115,3.63182723324125,3.72363213106165,,,
Oman,OMN,"New business density (new registrations per 1,000 people ages 15-64)",IC.BUS.NDNS.ZS,,,,,,,,,,,,,,,,,,,,,,,,,,,,,,,,,,,,,,,,,,,,,,,1.45106399760592,2.08787438221573,2.28334771498485,1.79087473943435,1.74719638331267,2.10905922052879,1.93783057053032,1.54625191510702,1.1279537302337,2.04301384067765,2.16616598927961,1.58440604330445,1.39715727265009,,,
Other small states,OSS,"New business density (new registrations per 1,000 people ages 15-64)",IC.BUS.NDNS.ZS,,,,,,,,,,,,,,,,,,,,,,,,,,,,,,,,,,,,,,,,,,,,,,,,,6.23283055420517,5.02489534501999,5.67776427783859,5.78000225149989,5.87591887261545,5.443511955182,5.78018675725588,6.29021402190914,7.45034454077261,,,,,
Pakistan,PAK,"New business density (new registrations per 1,000 people ages 15-64)",IC.BUS.NDNS.ZS,,,,,,,,,,,,,,,,,,,,,,,,,,,,,,,,,,,,,,,,,,,,,,,0.0426733518337772,0.0344911434460827,0.0358476966143526,0.0239340840496225,0.0283720503361637,0.0322029304872155,0.0369702262658711,0.035723918587498,0.0414134789004484,0.0465659578176535,0.0563412936491524,0.0788051490440729,0.10317839449255,,,
Panama,PAN,"New business density (new registrations per 1,000 people ages 15-64)",IC.BUS.NDNS.ZS,,,,,,,,,,,,,,,,,,,,,,,,,,,,,,,,,,,,,,,,,,,,,,,,,,,,,,12.2255148677043,11.7159346723805,10.2926061509117,7.49274836629971,5.78115110830153,4.8257176630203,,,
Peru,PER,"New business density (new registrations per 1,000 people ages 15-64)",IC.BUS.NDNS.ZS,,,,,,,,,,,,,,,,,,,,,,,,,,,,,,,,,,,,,,,,,,,,,,,2.15397429235367,2.6685626086489,3.08216694868018,3.03942835743375,3.25950001455037,3.80144961246528,3.97622042507139,3.87850783828725,3.83965435388881,4.01587877655318,3.73109142230509,3.74641107433432,3.75129712305211,,,
Philippines,PHL,"New business density (new registrations per 1,000 people ages 15-64)",IC.BUS.NDNS.ZS,,,,,,,,,,,,,,,,,,,,,,,,,,,,,,,,,,,,,,,,,,,,,,,0.253393890257797,0.227989895398756,0.243791797533573,0.201727976976584,0.201483592804377,0.29454356984618,0.305202669490631,0.32671587402956,0.333435662278393,0.332383372489983,0.339847933514007,0.364417478421526,0.290086281524291,,,
Palau,PLW,"New business density (new registrations per 1,000 people ages 15-64)",IC.BUS.NDNS.ZS,,,,,,,,,,,,,,,,,,,,,,,,,,,,,,,,,,,,,,,,,,,,,,,,,,,,,,,,,,,,,,
Papua New Guinea,PNG,"New business density (new registrations per 1,000 people ages 15-64)",IC.BUS.NDNS.ZS,,,,,,,,,,,,,,,,,,,,,,,,,,,,,,,,,,,,,,,,,,,,,,,,,,,,,,,,,,,,,,
Poland,POL,"New business density (new registrations per 1,000 people ages 15-64)",IC.BUS.NDNS.ZS,,,,,,,,,,,,,,,,,,,,,,,,,,,,,,,,,,,,,,,,,,,,,,,0.486655396752216,0.509712650186956,0.467289047910175,0.530638880904143,0.667935966173246,0.714270978881758,0.918771648369057,1.11560935332316,1.13354157218137,1.52526730191916,1.66418719102386,1.50234709149303,1.44008533908467,,,
Pre-demographic dividend,PRE,"New business density (new registrations per 1,000 people ages 15-64)",IC.BUS.NDNS.ZS,,,,,,,,,,,,,,,,,,,,,,,,,,,,,,,,,,,,,,,,,,,,,,,,,,,,,,,,0.437401019733849,0.441009505241719,0.526480258632868,0.571251643941642,,,
Puerto Rico,PRI,"New business density (new registrations per 1,000 people ages 15-64)",IC.BUS.NDNS.ZS,,,,,,,,,,,,,,,,,,,,,,,,,,,,,,,,,,,,,,,,,,,,,,,,,,,,,,,,,,,,,,
"Korea, Dem. People's Rep.",PRK,"New business density (new registrations per 1,000 people ages 15-64)",IC.BUS.NDNS.ZS,,,,,,,,,,,,,,,,,,,,,,,,,,,,,,,,,,,,,,,,,,,,,,,,,,,,,,,,,,,,,,
Portugal,PRT,"New business density (new registrations per 1,000 people ages 15-64)",IC.BUS.NDNS.ZS,,,,,,,,,,,,,,,,,,,,,,,,,,,,,,,,,,,,,,,,,,,,,,,4.51226865573525,4.92550248424357,4.44857622553844,4.03603807564845,4.06148965083245,4.56658137494531,4.01060011289054,4.67088333725959,4.68252454210172,5.05599679450989,5.01686675642591,5.63110963630025,6.4922812868131,,,
Paraguay,PRY,"New business density (new registrations per 1,000 people ages 15-64)",IC.BUS.NDNS.ZS,,,,,,,,,,,,,,,,,,,,,,,,,,,,,,,,,,,,,,,,,,,,,,,,,,,,,,,,,,,0.228206196179317,,,
West Bank and Gaza,PSE,"New business density (new registrations per 1,000 people ages 15-64)",IC.BUS.NDNS.ZS,,,,,,,,,,,,,,,,,,,,,,,,,,,,,,,,,,,,,,,,,,,,,,,,,,,,,,,,,,,,,,
Pacific island small states,PSS,"New business density (new registrations per 1,000 people ages 15-64)",IC.BUS.NDNS.ZS,,,,,,,,,,,,,,,,,,,,,,,,,,,,,,,,,,,,,,,,,,,,,,,,,,,,,,,,,,,,,,
Post-demographic dividend,PST,"New business density (new registrations per 1,000 people ages 15-64)",IC.BUS.NDNS.ZS,,,,,,,,,,,,,,,,,,,,,,,,,,,,,,,,,,,,,,,,,,,,,,,,,,,,,,,,,,,,,,
French Polynesia,PYF,"New business density (new registrations per 1,000 people ages 15-64)",IC.BUS.NDNS.ZS,,,,,,,,,,,,,,,,,,,,,,,,,,,,,,,,,,,,,,,,,,,,,,,,,,,,,,,,,,,,,,
Qatar,QAT,"New business density (new registrations per 1,000 people ages 15-64)",IC.BUS.NDNS.ZS,,,,,,,,,,,,,,,,,,,,,,,,,,,,,,,,,,,,,,,,,,,,,,,4.48863332831493,4.14125330731954,3.58805068152413,2.84312813181173,3.15992802247614,3.45845408755413,3.0589449812994,2.97977130529016,3.41182846221647,2.55942265182423,5.08905291115003,6.06193139798073,6.26302861203613,,,
Romania,ROU,"New business density (new registrations per 1,000 people ages 15-64)",IC.BUS.NDNS.ZS,,,,,,,,,,,,,,,,,,,,,,,,,,,,,,,,,,,,,,,,,,,,,,,6.34761274831172,7.12408647779118,7.1115230046598,4.04967101155624,3.73604969892017,4.78126556051701,4.49935253540584,4.43412831451864,4.17537817680065,4.81546102599065,5.58455193321907,7.53556448733236,7.31851262824714,,,
Russian Federation,RUS,"New business density (new registrations per 1,000 people ages 15-64)",IC.BUS.NDNS.ZS,,,,,,,,,,,,,,,,,,,,,,,,,,,,,,,,,,,,,,,,,,,,,,,4.11362851273392,3.95146748415746,4.05254424123084,2.5014382272811,2.51282215149508,1.53375386279861,3.89660099328506,3.92624277149329,4.23452256874659,4.54921470518596,4.36327060361788,3.98677111821439,3.25961236191365,,,
Rwanda,RWA,"New business density (new registrations per 1,000 people ages 15-64)",IC.BUS.NDNS.ZS,,,,,,,,,,,,,,,,,,,,,,,,,,,,,,,,,,,,,,,,,,,,,,,0.0504877679357796,0.0605183523362906,0.0814527542842542,0.239871794307092,0.650514423241437,1.04619352116469,1.43872242258852,1.52086315216931,1.5913791261447,1.51585757607008,1.52783579484656,1.475078262886,1.51437200979166,,,
South Asia,SAS,"New business density (new registrations per 1,000 people ages 15-64)",IC.BUS.NDNS.ZS,,,,,,,,,,,,,,,,,,,,,,,,,,,,,,,,,,,,,,,,,,,,,,,0.0716717408885531,0.0887553958650238,0.0979250381127262,0.0887464985377903,0.11729760951505,0.127675691746473,0.131337746100789,0.114804144965111,0.0944852631411303,0.102221644798643,0.11820974549259,0.13410636741119,0.151425993084358,,,
Saudi Arabia,SAU,"New business density (new registrations per 1,000 people ages 15-64)",IC.BUS.NDNS.ZS,,,,,,,,,,,,,,,,,,,,,,,,,,,,,,,,,,,,,,,,,,,,,,,0.206853530303437,0.245790388782814,0.282126395089499,0.290731919580327,0.312099229138737,0.344003374080347,0.419252058489948,0.425173140849373,0.45773871761075,0.489428872484106,0.457719134331237,0.460490132468943,0.501829154012386,,,
Sudan,SDN,"New business density (new registrations per 1,000 people ages 15-64)",IC.BUS.NDNS.ZS,,,,,,,,,,,,,,,,,,,,,,,,,,,,,,,,,,,,,,,,,,,,,,,,,,,,,,,,,,,,,,
Senegal,SEN,"New business density (new registrations per 1,000 people ages 15-64)",IC.BUS.NDNS.ZS,,,,,,,,,,,,,,,,,,,,,,,,,,,,,,,,,,,,,,,,,,,,,,,0.174336623509806,0.491097885366619,0.26637885646781,0.341161067587629,0.258051693447602,0.26118208276522,0.272138616357728,0.287847257394867,0.312668007867557,0.417995461580277,0.425771862494742,0.448388567347794,0.468801181805267,,,
Singapore,SGP,"New business density (new registrations per 1,000 people ages 15-64)",IC.BUS.NDNS.ZS,,,,,,,,,,,,,,,,,,,,,,,,,,,,,,,,,,,,,,,,,,,,,,,5.84800737550989,6.78183559977445,6.28769405016535,6.21900793042841,6.87465996285387,7.30925222577419,7.566593146895,8.21646701371861,8.93659927706537,8.00590719966487,8.01314649338751,8.57863952913026,10.0107884699419,,,
Solomon Islands,SLB,"New business density (new registrations per 1,000 people ages 15-64)",IC.BUS.NDNS.ZS,,,,,,,,,,,,,,,,,,,,,,,,,,,,,,,,,,,,,,,,,,,,,,,,,,,,,,,,,,,,,,
Sierra Leone,SLE,"New business density (new registrations per 1,000 people ages 15-64)",IC.BUS.NDNS.ZS,,,,,,,,,,,,,,,,,,,,,,,,,,,,,,,,,,,,,,,,,,,,,,,0.107481035084327,0.117577342375815,0.169405593925329,0.204489191646498,0.26168336717386,0.234320147303062,0.293628965604759,0.279658431715084,0.177413585666439,0.249519118959632,0.266619223886717,0.295812560877889,0.462391892541992,,,
El Salvador,SLV,"New business density (new registrations per 1,000 people ages 15-64)",IC.BUS.NDNS.ZS,,,,,,,,,,,,,,,,,,,,,,,,,,,,,,,,,,,,,,,,,,,,,,,,,,,0.486562792722667,0.460280789515705,0.497619799975851,0.499369011403906,0.517637840151734,0.53143893217161,0.539926379911211,0.521237767246691,0.566009979332316,,,
San Marino,SMR,"New business density (new registrations per 1,000 people ages 15-64)",IC.BUS.NDNS.ZS,,,,,,,,,,,,,,,,,,,,,,,,,,,,,,,,,,,,,,,,,,,,,,,,,,,,,,,,,,,,,,
Somalia,SOM,"New business density (new registrations per 1,000 people ages 15-64)",IC.BUS.NDNS.ZS,,,,,,,,,,,,,,,,,,,,,,,,,,,,,,,,,,,,,,,,,,,,,,,,,,,,,,,,,,,,,,
Serbia,SRB,"New business density (new registrations per 1,000 people ages 15-64)",IC.BUS.NDNS.ZS,,,,,,,,,,,,,,,,,,,,,,,,,,,,,,,,,,,,,,,,,,,,,,,2.21581352183062,2.27909219879828,2.20331635504961,1.97561860374856,1.88443466657136,1.69395338665448,1.74387884173638,1.76930005968648,1.68589278464592,1.67090627435948,1.7630985265321,1.8221163971135,1.88266753862986,,,
Sub-Saharan Africa (excluding high income),SSA,"New business density (new registrations per 1,000 people ages 15-64)",IC.BUS.NDNS.ZS,,,,,,,,,,,,,,,,,,,,,,,,,,,,,,,,,,,,,,,,,,,,,,,,,,,,,,,,,1.45826392903933,0.611772193766103,0.654445742679411,,,
South Sudan,SSD,"New business density (new registrations per 1,000 people ages 15-64)",IC.BUS.NDNS.ZS,,,,,,,,,,,,,,,,,,,,,,,,,,,,,,,,,,,,,,,,,,,,,,,0.0800606826315201,0.268499035595301,0.698751532111982,0.517894548813577,0.185401813415731,0.852123754588359,0.820828362195425,0.654005018907002,0.345321926850567,0.130919741368827,0.300046936520778,,,,,
Sub-Saharan Africa,SSF,"New business density (new registrations per 1,000 people ages 15-64)",IC.BUS.NDNS.ZS,,,,,,,,,,,,,,,,,,,,,,,,,,,,,,,,,,,,,,,,,,,,,,,,,,,,,,,,,1.45875674533428,0.61239898499517,0.655155911947162,,,
Small states,SST,"New business density (new registrations per 1,000 people ages 15-64)",IC.BUS.NDNS.ZS,,,,,,,,,,,,,,,,,,,,,,,,,,,,,,,,,,,,,,,,,,,,,,,,,,,,4.92967899002308,5.00886117481102,4.65435061271266,4.9145619119165,,,,,,,
Sao Tome and Principe,STP,"New business density (new registrations per 1,000 people ages 15-64)",IC.BUS.NDNS.ZS,,,,,,,,,,,,,,,,,,,,,,,,,,,,,,,,,,,,,,,,,,,,,,,,,,,0.57933831288407,2.32450023245002,3.42570865634994,2.836273214702,3.00011429006819,2.92760244277656,3.19072320020421,2.64423076923077,2.30184581976113,,,
Suriname,SUR,"New business density (new registrations per 1,000 people ages 15-64)",IC.BUS.NDNS.ZS,,,,,,,,,,,,,,,,,,,,,,,,,,,,,,,,,,,,,,,,,,,,,,,0.357795228141536,0.336362654487664,0.512576317760921,0.423425572519084,0.62778506282251,1.15542486416536,1.6595218982881,1.6616471076955,1.37040912941645,1.12519731919008,1.41111081132126,2.29230027001165,,,,
Slovak Republic,SVK,"New business density (new registrations per 1,000 people ages 15-64)",IC.BUS.NDNS.ZS,,,,,,,,,,,,,,,,,,,,,,,,,,,,,,,,,,,,,,,,,,,,,,,3.50153871200304,4.13973063842554,4.54111545254631,4.06523500477083,4.50621685320993,4.89368214472192,5.1457308900448,5.62962167093122,3.11923103057816,2.72013891225218,4.72386247046438,5.23715837984974,5.25260026353563,,,
Slovenia,SVN,"New business density (new registrations per 1,000 people ages 15-64)",IC.BUS.NDNS.ZS,,,,,,,,,,,,,,,,,,,,,,,,,,,,,,,,,,,,,,,,,,,,,,,2.73714236394584,3.51131722380131,4.41147024716262,4.11037729403918,3.82934015356795,4.06754068601046,4.37682057375056,4.34439290897191,4.46337288860228,3.99538694782673,3.1265101065582,3.34198553344329,3.09441060061311,,,
Sweden,SWE,"New business density (new registrations per 1,000 people ages 15-64)",IC.BUS.NDNS.ZS,,,,,,,,,,,,,,,,,,,,,,,,,,,,,,,,,,,,,,,,,,,,,,,4.03209816085092,4.68382194114754,4.56760659503113,4.00218928793903,5.67007850450679,7.15957611218602,6.38848919926824,6.36587525213742,6.82983391203788,7.36987324943676,7.98716812980083,7.72098404255742,7.18356732581425,,,
Eswatini,SWZ,"New business density (new registrations per 1,000 people ages 15-64)",IC.BUS.NDNS.ZS,,,,,,,,,,,,,,,,,,,,,,,,,,,,,,,,,,,,,,,,,,,,,,,,,,,,,,,,,,,,,,
Sint Maarten (Dutch part),SXM,"New business density (new registrations per 1,000 people ages 15-64)",IC.BUS.NDNS.ZS,,,,,,,,,,,,,,,,,,,,,,,,,,,,,,,,,,,,,,,,,,,,,,,,,,,,,,,,,,,,,,
Seychelles,SYC,"New business density (new registrations per 1,000 people ages 15-64)",IC.BUS.NDNS.ZS,,,,,,,,,,,,,,,,,,,,,,,,,,,,,,,,,,,,,,,,,,,,,,,4.19200055431412,6.17877248386654,6.62738093250755,5.32433817815037,4.2884803097947,5.40185534849356,5.40768768573702,5.03505417463352,4.83653151596998,5.07872016251905,4.49188415506898,4.48504983388704,5.16958958868701,,,
Syrian Arab Republic,SYR,"New business density (new registrations per 1,000 people ages 15-64)",IC.BUS.NDNS.ZS,,,,,,,,,,,,,,,,,,,,,,,,,,,,,,,,,,,,,,,,,,,,,,,,,,,,,,,,,,,,,,
Turks and Caicos Islands,TCA,"New business density (new registrations per 1,000 people ages 15-64)",IC.BUS.NDNS.ZS,,,,,,,,,,,,,,,,,,,,,,,,,,,,,,,,,,,,,,,,,,,,,,,,,,,,,,,,,,,,,,
Chad,TCD,"New business density (new registrations per 1,000 people ages 15-64)",IC.BUS.NDNS.ZS,,,,,,,,,,,,,,,,,,,,,,,,,,,,,,,,,,,,,,,,,,,,,,,,,,,,,0.128576913911287,0.139009428652796,0.13722347323713,0.109467467850702,0.0965962481852083,0.103608842084849,0.112567984716396,,,
East Asia & Pacific (IDA & IBRD countries),TEA,"New business density (new registrations per 1,000 people ages 15-64)",IC.BUS.NDNS.ZS,,,,,,,,,,,,,,,,,,,,,,,,,,,,,,,,,,,,,,,,,,,,,,,,,,,,,,,,,,,,,,
Europe & Central Asia (IDA & IBRD countries),TEC,"New business density (new registrations per 1,000 people ages 15-64)",IC.BUS.NDNS.ZS,,,,,,,,,,,,,,,,,,,,,,,,,,,,,,,,,,,,,,,,,,,,,,,2.65468581454882,2.72458023391951,2.77730616424762,1.82300105814235,1.84517392306329,1.60822483257731,2.59199892840398,2.44244605392517,2.48911800434415,2.6975811303334,2.76986783098797,2.84498209333198,2.74414212978328,,,
Togo,TGO,"New business density (new registrations per 1,000 people ages 15-64)",IC.BUS.NDNS.ZS,,,,,,,,,,,,,,,,,,,,,,,,,,,,,,,,,,,,,,,,,,,,,,,0.00828994133591129,0.0176962137553601,0.0187336590371322,0.151379715882319,0.160059404904849,0.171077165816056,0.195592751543641,0.193776488154788,0.276349630810174,0.422595150869445,0.399949211268834,0.413469415547994,0.587714116952156,,,
Thailand,THA,"New business density (new registrations per 1,000 people ages 15-64)",IC.BUS.NDNS.ZS,,,,,,,,,,,,,,,,,,,,,,,,,,,,,,,,,,,,,,,,,,,,,,,0.642749474782407,0.532179141788995,0.580349632165778,0.57326965262942,0.656103470457724,0.695016997850735,0.840368405180688,0.910804286337276,0.889952927780572,0.913007067191016,0.9938455625325,1.12663805361097,1.12750497361552,,,
Tajikistan,TJK,"New business density (new registrations per 1,000 people ages 15-64)",IC.BUS.NDNS.ZS,,,,,,,,,,,,,,,,,,,,,,,,,,,,,,,,,,,,,,,,,,,,,,,0.2153160854849,0.210430955463537,0.249216813089236,0.415649296858072,0.474157749540211,0.263699866239198,0.263340679406531,1.12219433739323,0.298890925146381,0.235353814267968,0.186465309398818,0.147443729207041,0.151693767704452,,,
Turkmenistan,TKM,"New business density (new registrations per 1,000 people ages 15-64)",IC.BUS.NDNS.ZS,,,,,,,,,,,,,,,,,,,,,,,,,,,,,,,,,,,,,,,,,,,,,,,,,,,,,,,,,,,,,,
Latin America & the Caribbean (IDA & IBRD countries),TLA,"New business density (new registrations per 1,000 people ages 15-64)",IC.BUS.NDNS.ZS,,,,,,,,,,,,,,,,,,,,,,,,,,,,,,,,,,,,,,,,,,,,,,,,,,,1.90998853118955,1.94695087862446,1.69026689690649,1.7303103678217,1.67878956498555,1.57955799309902,1.51764256260425,1.64023873652875,1.6543701809509,,,
Timor-Leste,TLS,"New business density (new registrations per 1,000 people ages 15-64)",IC.BUS.NDNS.ZS,,,,,,,,,,,,,,,,,,,,,,,,,,,,,,,,,,,,,,,,,,,,,,,,,0.737874236642943,2.05502911291243,7.60883892028094,3.67758915077949,2.7278242931683,5.6264308323998,4.42867895373418,,,,,,,
Middle East & North Africa (IDA & IBRD countries),TMN,"New business density (new registrations per 1,000 people ages 15-64)",IC.BUS.NDNS.ZS,,,,,,,,,,,,,,,,,,,,,,,,,,,,,,,,,,,,,,,,,,,,,,,,,,,,,,,,,,,,,,
Tonga,TON,"New business density (new registrations per 1,000 people ages 15-64)",IC.BUS.NDNS.ZS,,,,,,,,,,,,,,,,,,,,,,,,,,,,,,,,,,,,,,,,,,,,,,,1.88105409349015,2.50308540040675,1.76875654697508,1.785501725985,2.35027560785905,1.96327325040196,1.95794670979825,1.92063655382927,1.11978224542181,1.2231256890849,0.836862959420686,,,,,
South Asia (IDA & IBRD),TSA,"New business density (new registrations per 1,000 people ages 15-64)",IC.BUS.NDNS.ZS,,,,,,,,,,,,,,,,,,,,,,,,,,,,,,,,,,,,,,,,,,,,,,,0.0716717408885531,0.0887553958650238,0.0979250381127262,0.0887464985377903,0.11729760951505,0.127675691746473,0.131337746100789,0.114804144965111,0.0944852631411303,0.102221644798643,0.11820974549259,0.13410636741119,0.151425993084358,,,
Sub-Saharan Africa (IDA & IBRD countries),TSS,"New business density (new registrations per 1,000 people ages 15-64)",IC.BUS.NDNS.ZS,,,,,,,,,,,,,,,,,,,,,,,,,,,,,,,,,,,,,,,,,,,,,,,,,,,,,,,,,1.45875674533428,0.61239898499517,0.655155911947162,,,
Trinidad and Tobago,TTO,"New business density (new registrations per 1,000 people ages 15-64)",IC.BUS.NDNS.ZS,,,,,,,,,,,,,,,,,,,,,,,,,,,,,,,,,,,,,,,,,,,,,,,,,,,,,,,,,,,,,,
Tunisia,TUN,"New business density (new registrations per 1,000 people ages 15-64)",IC.BUS.NDNS.ZS,,,,,,,,,,,,,,,,,,,,,,,,,,,,,,,,,,,,,,,,,,,,,,,0.922198348239648,1.28029202668506,1.16100349210596,1.25906182120303,1.53815186099794,1.52038685892001,1.67340350628413,1.67876121681947,1.57293640281676,1.52166920365195,1.61559483736345,1.50167708978667,1.68208750978944,,,
Turkey,TUR,"New business density (new registrations per 1,000 people ages 15-64)",IC.BUS.NDNS.ZS,,,,,,,,,,,,,,,,,,,,,,,,,,,,,,,,,,,,,,,,,,,,,,,,,,,,,,0.973065919034934,1.04032429505433,1.25029970807902,1.17848582866748,1.37352412941429,1.55868721323483,,,
Tuvalu,TUV,"New business density (new registrations per 1,000 people ages 15-64)",IC.BUS.NDNS.ZS,,,,,,,,,,,,,,,,,,,,,,,,,,,,,,,,,,,,,,,,,,,,,,,,,,,,,,,,,,,,,,
Tanzania,TZA,"New business density (new registrations per 1,000 people ages 15-64)",IC.BUS.NDNS.ZS,,,,,,,,,,,,,,,,,,,,,,,,,,,,,,,,,,,,,,,,,,,,,,,0.179939058076448,0.1978332724352,0.231494502448217,0.221386217296746,0.291277327756686,0.316499204216305,0.328275390329983,0.339504473192884,0.333149305831291,0.327168880343815,0.29651941197843,0.22407130814442,0.175761561253037,,,
Uganda,UGA,"New business density (new registrations per 1,000 people ages 15-64)",IC.BUS.NDNS.ZS,,,,,,,,,,,,,,,,,,,,,,,,,,,,,,,,,,,,,,,,,,,,,,,0.513357891746666,0.522472280990748,0.565303486173147,0.618169491048272,0.659684035872725,0.89024122920205,0.97760140930213,0.870077433447179,0.91042107504446,0.959541198718336,0.902853783254968,0.83387707083102,0.86349859765026,,,
Ukraine,UKR,"New business density (new registrations per 1,000 people ages 15-64)",IC.BUS.NDNS.ZS,,,,,,,,,,,,,,,,,,,,,,,,,,,,,,,,,,,,,,,,,,,,,,,0.949566781259922,1.17454945553485,0.969179445156888,0.667790643128184,0.977136132990434,1.07759280997863,0.930494723866525,1.11140188210603,1.06353177680834,1.22130257203667,1.55759923539214,1.67906369530368,,,,
Upper middle income,UMC,"New business density (new registrations per 1,000 people ages 15-64)",IC.BUS.NDNS.ZS,,,,,,,,,,,,,,,,,,,,,,,,,,,,,,,,,,,,,,,,,,,,,,,,,,,,,,,,,,,,,,
Uruguay,URY,"New business density (new registrations per 1,000 people ages 15-64)",IC.BUS.NDNS.ZS,,,,,,,,,,,,,,,,,,,,,,,,,,,,,,,,,,,,,,,,,,,,,,,,,,,,,,,,,1.54931159827347,1.51076612528626,1.25523519722591,,,
United States,USA,"New business density (new registrations per 1,000 people ages 15-64)",IC.BUS.NDNS.ZS,,,,,,,,,,,,,,,,,,,,,,,,,,,,,,,,,,,,,,,,,,,,,,,,,,,,,,,,,,,,,,
Uzbekistan,UZB,"New business density (new registrations per 1,000 people ages 15-64)",IC.BUS.NDNS.ZS,,,,,,,,,,,,,,,,,,,,,,,,,,,,,,,,,,,,,,,,,,,,,,,0.226626636632241,0.271133520492466,0.273305301616105,0.430343182254172,0.476067064516558,0.626913454888689,0.499126316243591,0.674768664406321,0.748102767412584,0.823207745697541,1.07414829733929,1.22440254107623,1.63153848072958,,,
St. Vincent and the Grenadines,VCT,"New business density (new registrations per 1,000 people ages 15-64)",IC.BUS.NDNS.ZS,,,,,,,,,,,,,,,,,,,,,,,,,,,,,,,,,,,,,,,,,,,,,,,2.26221811197268,2.97732976053762,2.37459186702286,1.8444469475107,1.9472696197921,1.89867232545477,1.76442801967268,1.8507520406613,1.71665568007031,1.62630514404417,1.60160703621261,,,,,
"Venezuela, RB",VEN,"New business density (new registrations per 1,000 people ages 15-64)",IC.BUS.NDNS.ZS,,,,,,,,,,,,,,,,,,,,,,,,,,,,,,,,,,,,,,,,,,,,,,,,,,,,,,,,,,,,,,
British Virgin Islands,VGB,"New business density (new registrations per 1,000 people ages 15-64)",IC.BUS.NDNS.ZS,,,,,,,,,,,,,,,,,,,,,,,,,,,,,,,,,,,,,,,,,,,,,,,,,,,,,,,,,,,,,,
Virgin Islands (U.S.),VIR,"New business density (new registrations per 1,000 people ages 15-64)",IC.BUS.NDNS.ZS,,,,,,,,,,,,,,,,,,,,,,,,,,,,,,,,,,,,,,,,,,,,,,,,,,,,,,,,,,,,,,
Vietnam,VNM,"New business density (new registrations per 1,000 people ages 15-64)",IC.BUS.NDNS.ZS,,,,,,,,,,,,,,,,,,,,,,,,,,,,,,,,,,,,,,,,,,,,,,,,,,,,,,,,1.12674488004929,1.11793161426161,,,,,
Vanuatu,VUT,"New business density (new registrations per 1,000 people ages 15-64)",IC.BUS.NDNS.ZS,,,,,,,,,,,,,,,,,,,,,,,,,,,,,,,,,,,,,,,,,,,,,,,0.429386220753127,0.567214974475326,0.507422983185848,0.172629904002762,0.636337039204213,0.528397812147437,0.485797366978271,0.364357718311,0.579446760036611,0.535155872207357,0.813720580871307,1.02398439642824,1.53274914599733,,,
World,WLD,"New business density (new registrations per 1,000 people ages 15-64)",IC.BUS.NDNS.ZS,,,,,,,,,,,,,,,,,,,,,,,,,,,,,,,,,,,,,,,,,,,,,,,,,,,,,,,,,1.46373068067151,,,,,
Samoa,WSM,"New business density (new registrations per 1,000 people ages 15-64)",IC.BUS.NDNS.ZS,,,,,,,,,,,,,,,,,,,,,,,,,,,,,,,,,,,,,,,,,,,,,,,0.43525571273123,0.361943145579403,0.541612263649113,0.775097365625867,0.891155753168817,0.93694368968425,0.815569972196478,0.872929090591662,1.06948938737454,1.17635257748881,0.996313639533725,1.24434185136427,1.12946744713465,,,
Kosovo,XKX,"New business density (new registrations per 1,000 people ages 15-64)",IC.BUS.NDNS.ZS,,,,,,,,,,,,,,,,,,,,,,,,,,,,,,,,,,,,,,,,,,,,,,,0.623973078607437,0.700529142341595,0.730986931139055,0.702998692784632,0.814128462721313,0.909617746518757,1.20267106575919,1.62249464107554,1.72868531012614,2.07936147303745,3.25903580531975,3.91678189096152,3.99901089287835,,,
"Yemen, Rep.",YEM,"New business density (new registrations per 1,000 people ages 15-64)",IC.BUS.NDNS.ZS,,,,,,,,,,,,,,,,,,,,,,,,,,,,,,,,,,,,,,,,,,,,,,,,,,,,,,,,,,,,,,
South Africa,ZAF,"New business density (new registrations per 1,000 people ages 15-64)",IC.BUS.NDNS.ZS,,,,,,,,,,,,,,,,,,,,,,,,,,,,,,,,,,,,,,,,,,,,,,,9.73638329187996,10.2069501903846,8.85467577010294,8.45961426409225,6.15797874573454,5.30328518575366,6.37110169098516,6.79497549116922,6.57481813010243,8.67781981999565,10.2077982097342,,,,,
Zambia,ZMB,"New business density (new registrations per 1,000 people ages 15-64)",IC.BUS.NDNS.ZS,,,,,,,,,,,,,,,,,,,,,,,,,,,,,,,,,,,,,,,,,,,,,,,0.577955336156802,0.875666020947981,0.92687934715187,0.773206169912991,0.921972740034463,1.09116905595063,1.2003300534621,1.23040269140932,1.18617371472383,1.11096767584127,1.04083689292825,1.06183517348224,1.11378906993825,,,
Zimbabwe,ZWE,"New business density (new registrations per 1,000 people ages 15-64)",IC.BUS.NDNS.ZS,,,,,,,,,,,,,,,,,,,,,,,,,,,,,,,,,,,,,,,,,,,,,,,3.33090547203079,4.94858775764396,5.70634513723945,0.516960090450745,0.715245462732779,1.20044020357307,1.31545318616594,1.33610680440596,1.27373346282845,1.20040857639232,1.06296219196307,1.22656662377936,2.12992896097732,,,
